Device_ID,Challenge_Dec,Temperature,Voltage,Time_Upper,Time_Lower,Response
          1, 0,25.0,1.20,4.020000,3.866000,0
          1, 0,85.0,1.08,4.655909,4.587368,0
          1, 1,25.0,1.20,4.023000,4.933000,1
          1, 1,85.0,1.08,4.522473,5.695202,1
          1, 2,25.0,1.20,3.978000,4.945000,1
          1, 2,85.0,1.08,4.478306,5.615008,1
          1, 3,25.0,1.20,5.233000,6.001000,1
          1, 3,85.0,1.08,5.502711,6.736065,1
          1, 4,25.0,1.20,3.855000,5.066000,1
          1, 4,85.0,1.08,4.848896,5.861862,1
          1, 5,25.0,1.20,4.970000,5.972000,1
          1, 5,85.0,1.08,5.597288,6.735065,1
          1, 6,25.0,1.20,5.001000,6.073000,1
          1, 6,85.0,1.08,5.564700,6.732607,1
          1, 7,25.0,1.20,5.995000,7.003000,1
          1, 7,85.0,1.08,6.719645,7.997222,1
          1, 8,25.0,1.20,3.796000,4.757000,1
          1, 8,85.0,1.08,4.468071,5.526019,1
          1, 9,25.0,1.20,5.080000,5.971000,1
          1, 9,85.0,1.08,5.780433,6.877968,1
          1,10,25.0,1.20,4.886000,5.831000,1
          1,10,85.0,1.08,5.792153,6.883866,1
          1,11,25.0,1.20,5.844000,6.931000,1
          1,11,85.0,1.08,6.575564,7.635371,1
          1,12,25.0,1.20,5.006000,5.965000,1
          1,12,85.0,1.08,5.666978,6.829540,1
          1,13,25.0,1.20,6.021000,7.031000,1
          1,13,85.0,1.08,6.953294,8.062371,1
          1,14,25.0,1.20,6.034000,7.019000,1
          1,14,85.0,1.08,6.821540,7.867066,1
          1,15,25.0,1.20,6.961000,7.865000,1
          1,15,85.0,1.08,7.600083,8.804316,1
          2, 0,25.0,1.20,3.967000,3.979000,1
          2, 0,85.0,1.08,4.492950,4.624909,1
          2, 1,25.0,1.20,3.887000,5.066000,1
          2, 1,85.0,1.08,4.346748,5.683698,1
          2, 2,25.0,1.20,4.019000,5.076000,1
          2, 2,85.0,1.08,4.576136,5.552261,1
          2, 3,25.0,1.20,4.889000,5.874000,1
          2, 3,85.0,1.08,5.597625,7.111636,1
          2, 4,25.0,1.20,3.868000,4.879000,1
          2, 4,85.0,1.08,4.787252,5.731425,1
          2, 5,25.0,1.20,4.974000,5.932000,1
          2, 5,85.0,1.08,5.716380,6.996003,1
          2, 6,25.0,1.20,5.157000,6.130000,1
          2, 6,85.0,1.08,5.615428,6.736327,1
          2, 7,25.0,1.20,5.893000,7.115000,1
          2, 7,85.0,1.08,6.730103,7.869085,1
          2, 8,25.0,1.20,4.079000,5.085000,1
          2, 8,85.0,1.08,4.587144,5.797274,1
          2, 9,25.0,1.20,5.041000,6.104000,1
          2, 9,85.0,1.08,5.659894,6.861343,1
          2,10,25.0,1.20,4.972000,5.989000,1
          2,10,85.0,1.08,5.695838,6.735243,1
          2,11,25.0,1.20,5.925000,6.991000,1
          2,11,85.0,1.08,7.021685,8.248637,1
          2,12,25.0,1.20,4.772000,5.726000,1
          2,12,85.0,1.08,5.777732,6.847521,1
          2,13,25.0,1.20,5.770000,6.719000,1
          2,13,85.0,1.08,6.761588,7.884627,1
          2,14,25.0,1.20,5.860000,6.825000,1
          2,14,85.0,1.08,6.771494,7.952438,1
          2,15,25.0,1.20,7.012000,7.970000,1
          2,15,85.0,1.08,7.817096,8.890968,1
          3, 0,25.0,1.20,4.147000,4.087000,0
          3, 0,85.0,1.08,4.468632,4.551174,1
          3, 1,25.0,1.20,3.885000,4.995000,1
          3, 1,85.0,1.08,4.380896,5.620606,1
          3, 2,25.0,1.20,3.952000,4.897000,1
          3, 2,85.0,1.08,4.498931,5.537439,1
          3, 3,25.0,1.20,4.910000,5.971000,1
          3, 3,85.0,1.08,5.827759,6.839437,1
          3, 4,25.0,1.20,3.972000,5.014000,1
          3, 4,85.0,1.08,4.534416,5.604466,1
          3, 5,25.0,1.20,5.057000,6.043000,1
          3, 5,85.0,1.08,5.751406,7.017882,1
          3, 6,25.0,1.20,5.086000,6.066000,1
          3, 6,85.0,1.08,5.545121,6.756429,1
          3, 7,25.0,1.20,6.081000,6.904000,1
          3, 7,85.0,1.08,6.782774,7.912188,1
          3, 8,25.0,1.20,4.158000,5.098000,1
          3, 8,85.0,1.08,4.678599,5.924934,1
          3, 9,25.0,1.20,5.026000,5.990000,1
          3, 9,85.0,1.08,5.440124,6.689720,1
          3,10,25.0,1.20,4.956000,5.948000,1
          3,10,85.0,1.08,5.780929,6.873426,1
          3,11,25.0,1.20,5.830000,6.861000,1
          3,11,85.0,1.08,6.673618,7.833301,1
          3,12,25.0,1.20,5.076000,6.096000,1
          3,12,85.0,1.08,5.651231,6.771270,1
          3,13,25.0,1.20,6.174000,7.140000,1
          3,13,85.0,1.08,6.926313,8.022166,1
          3,14,25.0,1.20,5.860000,6.830000,1
          3,14,85.0,1.08,6.810895,7.854002,1
          3,15,25.0,1.20,6.889000,7.776000,1
          3,15,85.0,1.08,7.973298,9.105318,1
          4, 0,25.0,1.20,4.011000,4.141000,1
          4, 0,85.0,1.08,4.779448,4.804737,1
          4, 1,25.0,1.20,3.939000,4.955000,1
          4, 1,85.0,1.08,4.601564,5.802854,1
          4, 2,25.0,1.20,4.096000,4.966000,1
          4, 2,85.0,1.08,4.675917,5.680474,1
          4, 3,25.0,1.20,5.031000,5.989000,1
          4, 3,85.0,1.08,5.760611,6.994340,1
          4, 4,25.0,1.20,3.984000,4.959000,1
          4, 4,85.0,1.08,4.480651,5.693118,1
          4, 5,25.0,1.20,5.239000,6.242000,1
          4, 5,85.0,1.08,5.489207,6.593882,1
          4, 6,25.0,1.20,4.926000,5.919000,1
          4, 6,85.0,1.08,5.855665,6.897370,1
          4, 7,25.0,1.20,5.872000,6.928000,1
          4, 7,85.0,1.08,6.873960,7.843263,1
          4, 8,25.0,1.20,4.121000,5.215000,1
          4, 8,85.0,1.08,4.542575,5.732724,1
          4, 9,25.0,1.20,4.728000,5.767000,1
          4, 9,85.0,1.08,5.714342,6.898407,1
          4,10,25.0,1.20,5.086000,6.049000,1
          4,10,85.0,1.08,5.746967,6.905529,1
          4,11,25.0,1.20,5.883000,6.904000,1
          4,11,85.0,1.08,6.786316,7.947616,1
          4,12,25.0,1.20,5.076000,6.144000,1
          4,12,85.0,1.08,5.785770,6.964976,1
          4,13,25.0,1.20,5.850000,6.869000,1
          4,13,85.0,1.08,6.733028,7.872506,1
          4,14,25.0,1.20,5.962000,6.921000,1
          4,14,85.0,1.08,6.815036,7.836778,1
          4,15,25.0,1.20,7.299000,8.262000,1
          4,15,85.0,1.08,7.802414,8.916051,1
          5, 0,25.0,1.20,4.003000,3.990000,0
          5, 0,85.0,1.08,4.467230,4.553716,1
          5, 1,25.0,1.20,3.950000,4.961000,1
          5, 1,85.0,1.08,4.404120,5.733323,1
          5, 2,25.0,1.20,4.154000,5.002000,1
          5, 2,85.0,1.08,4.560724,5.786835,1
          5, 3,25.0,1.20,4.832000,6.021000,1
          5, 3,85.0,1.08,5.551299,6.691179,1
          5, 4,25.0,1.20,3.880000,5.042000,1
          5, 4,85.0,1.08,4.434222,5.739846,1
          5, 5,25.0,1.20,4.927000,6.030000,1
          5, 5,85.0,1.08,5.778312,6.893987,1
          5, 6,25.0,1.20,4.918000,5.871000,1
          5, 6,85.0,1.08,5.737361,6.822073,1
          5, 7,25.0,1.20,5.983000,7.027000,1
          5, 7,85.0,1.08,6.884566,7.916532,1
          5, 8,25.0,1.20,4.055000,5.105000,1
          5, 8,85.0,1.08,4.392457,5.637773,1
          5, 9,25.0,1.20,5.139000,6.185000,1
          5, 9,85.0,1.08,5.767228,6.921052,1
          5,10,25.0,1.20,5.253000,6.296000,1
          5,10,85.0,1.08,5.773751,6.915453,1
          5,11,25.0,1.20,6.200000,7.253000,1
          5,11,85.0,1.08,6.799793,7.901570,1
          5,12,25.0,1.20,4.947000,6.021000,1
          5,12,85.0,1.08,5.684091,6.819653,1
          5,13,25.0,1.20,5.962000,6.865000,1
          5,13,85.0,1.08,6.637348,7.785592,1
          5,14,25.0,1.20,5.998000,7.024000,1
          5,14,85.0,1.08,6.787036,7.926252,1
          5,15,25.0,1.20,6.948000,7.929000,1
          5,15,85.0,1.08,7.813657,8.880706,1
          6, 0,25.0,1.20,4.024000,4.095000,1
          6, 0,85.0,1.08,4.636330,4.496352,0
          6, 1,25.0,1.20,3.966000,5.062000,1
          6, 1,85.0,1.08,4.351551,5.652493,1
          6, 2,25.0,1.20,3.973000,5.051000,1
          6, 2,85.0,1.08,4.582079,5.574326,1
          6, 3,25.0,1.20,5.036000,6.128000,1
          6, 3,85.0,1.08,5.615727,6.545359,1
          6, 4,25.0,1.20,4.020000,5.001000,1
          6, 4,85.0,1.08,4.421942,5.717247,1
          6, 5,25.0,1.20,5.008000,5.987000,1
          6, 5,85.0,1.08,5.746547,6.860884,1
          6, 6,25.0,1.20,5.186000,6.181000,1
          6, 6,85.0,1.08,5.706183,7.060450,1
          6, 7,25.0,1.20,6.036000,7.022000,1
          6, 7,85.0,1.08,6.940237,8.006643,1
          6, 8,25.0,1.20,4.142000,5.212000,1
          6, 8,85.0,1.08,4.597742,5.670614,1
          6, 9,25.0,1.20,4.933000,5.990000,1
          6, 9,85.0,1.08,5.729547,6.777831,1
          6,10,25.0,1.20,5.144000,6.153000,1
          6,10,85.0,1.08,5.669455,6.765168,1
          6,11,25.0,1.20,6.027000,7.013000,1
          6,11,85.0,1.08,6.882165,8.020306,1
          6,12,25.0,1.20,4.947000,5.900000,1
          6,12,85.0,1.08,5.747107,6.858922,1
          6,13,25.0,1.20,6.113000,7.084000,1
          6,13,85.0,1.08,6.764691,7.954756,1
          6,14,25.0,1.20,5.893000,6.837000,1
          6,14,85.0,1.08,6.859203,7.988923,1
          6,15,25.0,1.20,7.176000,8.180000,1
          6,15,85.0,1.08,7.971578,9.121280,1
          7, 0,25.0,1.20,4.072000,4.014000,0
          7, 0,85.0,1.08,4.467007,4.409139,0
          7, 1,25.0,1.20,3.952000,4.866000,1
          7, 1,85.0,1.08,4.801896,5.747865,1
          7, 2,25.0,1.20,3.981000,5.106000,1
          7, 2,85.0,1.08,4.468950,5.857161,1
          7, 3,25.0,1.20,4.965000,6.070000,1
          7, 3,85.0,1.08,5.968514,7.012086,1
          7, 4,25.0,1.20,4.125000,5.184000,1
          7, 4,85.0,1.08,4.503230,5.729183,1
          7, 5,25.0,1.20,5.202000,6.136000,1
          7, 5,85.0,1.08,5.606008,6.772850,1
          7, 6,25.0,1.20,4.991000,6.048000,1
          7, 6,85.0,1.08,5.580784,6.684300,1
          7, 7,25.0,1.20,6.169000,7.299000,1
          7, 7,85.0,1.08,6.835399,8.056791,1
          7, 8,25.0,1.20,3.916000,4.923000,1
          7, 8,85.0,1.08,4.382877,5.558223,1
          7, 9,25.0,1.20,4.929000,6.005000,1
          7, 9,85.0,1.08,5.545579,6.773550,1
          7,10,25.0,1.20,5.092000,6.100000,1
          7,10,85.0,1.08,5.597727,6.766213,1
          7,11,25.0,1.20,5.845000,6.753000,1
          7,11,85.0,1.08,6.633292,7.787853,1
          7,12,25.0,1.20,5.031000,6.044000,1
          7,12,85.0,1.08,5.583345,6.690459,1
          7,13,25.0,1.20,5.826000,6.844000,1
          7,13,85.0,1.08,6.992181,8.177087,1
          7,14,25.0,1.20,5.991000,7.016000,1
          7,14,85.0,1.08,6.859184,7.932692,1
          7,15,25.0,1.20,6.864000,7.942000,1
          7,15,85.0,1.08,8.248198,9.259239,1
          8, 0,25.0,1.20,4.066000,3.872000,0
          8, 0,85.0,1.08,4.790252,4.690179,0
          8, 1,25.0,1.20,4.080000,5.180000,1
          8, 1,85.0,1.08,4.502287,5.684361,1
          8, 2,25.0,1.20,4.078000,5.152000,1
          8, 2,85.0,1.08,4.415783,5.585579,1
          8, 3,25.0,1.20,4.889000,5.937000,1
          8, 3,85.0,1.08,5.814835,6.808755,1
          8, 4,25.0,1.20,4.107000,5.129000,1
          8, 4,85.0,1.08,4.296384,5.577242,1
          8, 5,25.0,1.20,5.085000,6.113000,1
          8, 5,85.0,1.08,5.630792,6.626648,1
          8, 6,25.0,1.20,5.197000,6.007000,1
          8, 6,85.0,1.08,5.761247,6.864763,1
          8, 7,25.0,1.20,6.051000,6.991000,1
          8, 7,85.0,1.08,6.898548,7.981821,1
          8, 8,25.0,1.20,4.077000,5.069000,1
          8, 8,85.0,1.08,4.561742,5.676099,1
          8, 9,25.0,1.20,4.812000,5.774000,1
          8, 9,85.0,1.08,5.822199,6.923192,1
          8,10,25.0,1.20,4.839000,5.837000,1
          8,10,85.0,1.08,5.820161,6.907892,1
          8,11,25.0,1.20,5.949000,6.960000,1
          8,11,85.0,1.08,7.098693,8.258338,1
          8,12,25.0,1.20,4.993000,5.934000,1
          8,12,85.0,1.08,5.568962,6.663076,1
          8,13,25.0,1.20,6.114000,7.214000,1
          8,13,85.0,1.08,6.671693,7.797115,1
          8,14,25.0,1.20,6.004000,7.121000,1
          8,14,85.0,1.08,7.005984,8.221413,1
          8,15,25.0,1.20,7.040000,8.031000,1
          8,15,85.0,1.08,8.056651,9.176008,1
          9, 0,25.0,1.20,3.905000,4.047000,1
          9, 0,85.0,1.08,4.564519,4.465548,0
          9, 1,25.0,1.20,3.791000,4.897000,1
          9, 1,85.0,1.08,4.437923,5.656231,1
          9, 2,25.0,1.20,4.126000,5.066000,1
          9, 2,85.0,1.08,4.578583,5.847059,1
          9, 3,25.0,1.20,4.865000,6.027000,1
          9, 3,85.0,1.08,5.580504,6.616629,1
          9, 4,25.0,1.20,3.961000,5.031000,1
          9, 4,85.0,1.08,4.614732,5.604466,1
          9, 5,25.0,1.20,4.993000,6.063000,1
          9, 5,85.0,1.08,5.666652,6.761971,1
          9, 6,25.0,1.20,5.192000,6.121000,1
          9, 6,85.0,1.08,5.638989,6.788774,1
          9, 7,25.0,1.20,5.659000,6.962000,1
          9, 7,85.0,1.08,7.113962,8.229891,1
          9, 8,25.0,1.20,3.998000,5.028000,1
          9, 8,85.0,1.08,4.488389,5.618148,1
          9, 9,25.0,1.20,5.014000,5.953000,1
          9, 9,85.0,1.08,5.399358,6.532818,1
          9,10,25.0,1.20,5.006000,6.084000,1
          9,10,85.0,1.08,5.806312,6.881604,1
          9,11,25.0,1.20,5.979000,6.879000,1
          9,11,85.0,1.08,6.598208,7.688603,1
          9,12,25.0,1.20,5.001000,5.990000,1
          9,12,85.0,1.08,5.472067,6.678936,1
          9,13,25.0,1.20,6.141000,7.176000,1
          9,13,85.0,1.08,6.947874,7.996821,1
          9,14,25.0,1.20,5.911000,6.981000,1
          9,14,85.0,1.08,6.928173,8.050371,1
          9,15,25.0,1.20,6.899000,7.879000,1
          9,15,85.0,1.08,8.194648,9.310547,1
         10, 0,25.0,1.20,4.103000,4.072000,0
         10, 0,85.0,1.08,4.792437,4.462241,0
         10, 1,25.0,1.20,4.023000,4.899000,1
         10, 1,85.0,1.08,4.406120,5.683455,1
         10, 2,25.0,1.20,3.841000,4.882000,1
         10, 2,85.0,1.08,4.571424,5.699258,1
         10, 3,25.0,1.20,4.957000,5.938000,1
         10, 3,85.0,1.08,5.775687,6.619993,1
         10, 4,25.0,1.20,4.035000,5.040000,1
         10, 4,85.0,1.08,4.528875,5.670894,1
         10, 5,25.0,1.20,5.095000,6.025000,1
         10, 5,85.0,1.08,5.496337,6.642852,1
         10, 6,25.0,1.20,4.950000,6.250000,1
         10, 6,85.0,1.08,5.750509,6.834941,1
         10, 7,25.0,1.20,5.851000,6.776000,1
         10, 7,85.0,1.08,6.900510,8.092575,1
         10, 8,25.0,1.20,3.922000,4.937000,1
         10, 8,85.0,1.08,4.464465,5.621708,1
         10, 9,25.0,1.20,5.028000,6.017000,1
         10, 9,85.0,1.08,5.415938,6.497211,1
         10,10,25.0,1.20,4.907000,5.956000,1
         10,10,85.0,1.08,5.658671,6.780429,1
         10,11,25.0,1.20,5.965000,6.933000,1
         10,11,85.0,1.08,6.815577,7.991783,1
         10,12,25.0,1.20,5.038000,5.966000,1
         10,12,85.0,1.08,5.566420,6.674057,1
         10,13,25.0,1.20,5.947000,6.948000,1
         10,13,85.0,1.08,6.661413,7.874665,1
         10,14,25.0,1.20,5.895000,6.909000,1
         10,14,85.0,1.08,7.130420,8.357411,1
         10,15,25.0,1.20,7.324000,8.335000,1
         10,15,85.0,1.08,8.053389,9.272921,1
         11, 0,25.0,1.20,3.835000,3.872000,1
         11, 0,85.0,1.08,4.507689,4.670599,1
         11, 1,25.0,1.20,4.019000,4.907000,1
         11, 1,85.0,1.08,4.627246,5.578242,1
         11, 2,25.0,1.20,4.138000,5.057000,1
         11, 2,85.0,1.08,4.472230,5.739107,1
         11, 3,25.0,1.20,4.933000,5.946000,1
         11, 3,85.0,1.08,5.613549,6.814073,1
         11, 4,25.0,1.20,4.083000,5.189000,1
         11, 4,85.0,1.08,4.515753,5.879646,1
         11, 5,25.0,1.20,5.137000,6.076000,1
         11, 5,85.0,1.08,5.677614,6.759887,1
         11, 6,25.0,1.20,4.955000,6.149000,1
         11, 6,85.0,1.08,5.657053,6.763308,1
         11, 7,25.0,1.20,6.106000,7.100000,1
         11, 7,85.0,1.08,7.024890,8.307403,1
         11, 8,25.0,1.20,3.881000,4.892000,1
         11, 8,85.0,1.08,4.639928,5.705978,1
         11, 9,25.0,1.20,5.012000,6.057000,1
         11, 9,85.0,1.08,5.766509,6.907809,1
         11,10,25.0,1.20,4.990000,5.985000,1
         11,10,85.0,1.08,5.464927,6.496332,1
         11,11,25.0,1.20,6.065000,7.117000,1
         11,11,85.0,1.08,6.910370,7.916692,1
         11,12,25.0,1.20,4.788000,5.820000,1
         11,12,85.0,1.08,5.733228,6.868828,1
         11,13,25.0,1.20,5.925000,6.980000,1
         11,13,85.0,1.08,6.819820,7.939896,1
         11,14,25.0,1.20,6.012000,7.023000,1
         11,14,85.0,1.08,6.900464,8.002101,1
         11,15,25.0,1.20,6.928000,8.015000,1
         11,15,85.0,1.08,8.105117,9.222754,1
         12, 0,25.0,1.20,3.921000,3.873000,0
         12, 0,85.0,1.08,4.694319,4.747346,1
         12, 1,25.0,1.20,4.118000,5.037000,1
         12, 1,85.0,1.08,4.350252,5.654913,1
         12, 2,25.0,1.20,4.028000,5.183000,1
         12, 2,85.0,1.08,4.555360,5.549140,1
         12, 3,25.0,1.20,4.806000,5.842000,1
         12, 3,85.0,1.08,5.752808,6.736065,1
         12, 4,25.0,1.20,4.027000,5.012000,1
         12, 4,85.0,1.08,4.395476,5.602083,1
         12, 5,25.0,1.20,5.148000,5.983000,1
         12, 5,85.0,1.08,5.718183,6.934192,1
         12, 6,25.0,1.20,4.987000,6.012000,1
         12, 6,85.0,1.08,5.793892,6.962537,1
         12, 7,25.0,1.20,6.028000,7.122000,1
         12, 7,85.0,1.08,6.903510,7.954915,1
         12, 8,25.0,1.20,4.103000,5.076000,1
         12, 8,85.0,1.08,4.535920,5.605288,1
         12, 9,25.0,1.20,5.088000,6.103000,1
         12, 9,85.0,1.08,5.768191,7.004404,1
         12,10,25.0,1.20,5.108000,6.062000,1
         12,10,85.0,1.08,5.688043,6.835081,1
         12,11,25.0,1.20,6.078000,7.058000,1
         12,11,85.0,1.08,6.789653,7.943476,1
         12,12,25.0,1.20,5.135000,6.085000,1
         12,12,85.0,1.08,5.477692,6.587667,1
         12,13,25.0,1.20,5.930000,6.920000,1
         12,13,85.0,1.08,6.967116,8.117098,1
         12,14,25.0,1.20,6.000000,7.066000,1
         12,14,85.0,1.08,6.969957,8.056651,1
         12,15,25.0,1.20,7.075000,8.023000,1
         12,15,85.0,1.08,7.896589,9.052870,1
         13, 0,25.0,1.20,3.964000,3.883000,0
         13, 0,85.0,1.08,4.431381,4.486950,1
         13, 1,25.0,1.20,3.912000,4.925000,1
         13, 1,85.0,1.08,4.535052,5.751312,1
         13, 2,25.0,1.20,4.056000,4.840000,1
         13, 2,85.0,1.08,4.601209,5.606045,1
         13, 3,25.0,1.20,4.883000,5.829000,1
         13, 3,85.0,1.08,5.683978,6.909388,1
         13, 4,25.0,1.20,4.136000,5.113000,1
         13, 4,85.0,1.08,4.715020,5.892608,1
         13, 5,25.0,1.20,4.978000,5.965000,1
         13, 5,85.0,1.08,5.830479,6.892388,1
         13, 6,25.0,1.20,5.042000,6.073000,1
         13, 6,85.0,1.08,5.544776,6.789354,1
         13, 7,25.0,1.20,6.213000,7.177000,1
         13, 7,85.0,1.08,6.955874,8.051408,1
         13, 8,25.0,1.20,3.952000,4.818000,1
         13, 8,85.0,1.08,4.368139,5.464571,1
         13, 9,25.0,1.20,4.927000,5.868000,1
         13, 9,85.0,1.08,5.846563,7.018404,1
         13,10,25.0,1.20,5.209000,6.183000,1
         13,10,85.0,1.08,5.436245,6.553181,1
         13,11,25.0,1.20,6.186000,7.168000,1
         13,11,85.0,1.08,6.657394,7.832918,1
         13,12,25.0,1.20,5.024000,6.012000,1
         13,12,85.0,1.08,5.731584,6.792176,1
         13,13,25.0,1.20,5.770000,6.814000,1
         13,13,85.0,1.08,7.026367,8.123042,1
         13,14,25.0,1.20,5.955000,6.964000,1
         13,14,85.0,1.08,6.960537,8.122481,1
         13,15,25.0,1.20,6.983000,8.067000,1
         13,15,85.0,1.08,7.966158,9.081374,1
         14, 0,25.0,1.20,4.027000,3.968000,0
         14, 0,85.0,1.08,4.572826,4.532492,0
         14, 1,25.0,1.20,3.939000,5.188000,1
         14, 1,85.0,1.08,4.718236,5.527878,1
         14, 2,25.0,1.20,3.938000,4.833000,1
         14, 2,85.0,1.08,4.697058,5.717220,1
         14, 3,25.0,1.20,5.087000,6.123000,1
         14, 3,85.0,1.08,5.664557,6.878343,1
         14, 4,25.0,1.20,3.898000,4.928000,1
         14, 4,85.0,1.08,4.600106,5.640932,1
         14, 5,25.0,1.20,5.099000,6.191000,1
         14, 5,85.0,1.08,5.781471,6.938014,1
         14, 6,25.0,1.20,4.969000,5.705000,1
         14, 6,85.0,1.08,5.711520,6.754785,1
         14, 7,25.0,1.20,6.137000,7.110000,1
         14, 7,85.0,1.08,6.917370,8.105958,1
         14, 8,25.0,1.20,3.898000,4.864000,1
         14, 8,85.0,1.08,4.715262,5.867581,1
         14, 9,25.0,1.20,5.048000,6.052000,1
         14, 9,85.0,1.08,5.569822,6.657114,1
         14,10,25.0,1.20,5.096000,6.139000,1
         14,10,85.0,1.08,5.796630,6.893305,1
         14,11,25.0,1.20,5.984000,6.952000,1
         14,11,85.0,1.08,6.964022,8.217395,1
         14,12,25.0,1.20,4.765000,5.748000,1
         14,12,85.0,1.08,5.686474,6.879922,1
         14,13,25.0,1.20,6.185000,7.198000,1
         14,13,85.0,1.08,6.796354,7.951476,1
         14,14,25.0,1.20,6.060000,7.083000,1
         14,14,85.0,1.08,6.939836,8.161947,1
         14,15,25.0,1.20,6.874000,7.872000,1
         14,15,85.0,1.08,7.974419,9.172587,1
         15, 0,25.0,1.20,3.955000,4.029000,1
         15, 0,85.0,1.08,4.548538,4.532837,0
         15, 1,25.0,1.20,4.015000,4.977000,1
         15, 1,85.0,1.08,4.675413,5.717043,1
         15, 2,25.0,1.20,4.037000,5.107000,1
         15, 2,85.0,1.08,4.581761,5.658436,1
         15, 3,25.0,1.20,4.946000,5.894000,1
         15, 3,85.0,1.08,5.469067,6.720046,1
         15, 4,25.0,1.20,3.919000,5.074000,1
         15, 4,85.0,1.08,4.778888,5.899964,1
         15, 5,25.0,1.20,4.909000,5.868000,1
         15, 5,85.0,1.08,5.787732,6.957658,1
         15, 6,25.0,1.20,5.047000,5.980000,1
         15, 6,85.0,1.08,5.628671,6.821717,1
         15, 7,25.0,1.20,6.090000,7.057000,1
         15, 7,85.0,1.08,6.823914,7.937074,1
         15, 8,25.0,1.20,3.899000,4.859000,1
         15, 8,85.0,1.08,4.526015,5.607606,1
         15, 9,25.0,1.20,4.865000,5.837000,1
         15, 9,85.0,1.08,5.575167,6.658898,1
         15,10,25.0,1.20,4.956000,5.978000,1
         15,10,85.0,1.08,5.816816,7.036647,1
         15,11,25.0,1.20,6.018000,7.022000,1
         15,11,85.0,1.08,6.881165,8.039708,1
         15,12,25.0,1.20,4.874000,5.859000,1
         15,12,85.0,1.08,5.668754,6.735224,1
         15,13,25.0,1.20,5.708000,6.679000,1
         15,13,85.0,1.08,7.077795,8.216694,1
         15,14,25.0,1.20,6.081000,7.042000,1
         15,14,85.0,1.08,6.603685,7.763368,1
         15,15,25.0,1.20,7.033000,8.034000,1
         15,15,85.0,1.08,7.952336,9.214773,1
         16, 0,25.0,1.20,3.860000,3.952000,1
         16, 0,85.0,1.08,4.560939,4.621909,1
         16, 1,25.0,1.20,4.015000,5.073000,1
         16, 1,85.0,1.08,4.367036,5.794350,1
         16, 2,25.0,1.20,4.051000,5.043000,1
         16, 2,85.0,1.08,4.730206,5.777751,1
         16, 3,25.0,1.20,5.039000,5.998000,1
         16, 3,85.0,1.08,5.672997,6.855521,1
         16, 4,25.0,1.20,3.995000,4.935000,1
         16, 4,85.0,1.08,4.693562,5.920029,1
         16, 5,25.0,1.20,5.069000,6.085000,1
         16, 5,85.0,1.08,5.738005,6.890267,1
         16, 6,25.0,1.20,5.092000,6.088000,1
         16, 6,85.0,1.08,5.672277,6.892146,1
         16, 7,25.0,1.20,6.134000,7.211000,1
         16, 7,85.0,1.08,6.805372,7.917551,1
         16, 8,25.0,1.20,4.039000,4.910000,1
         16, 8,85.0,1.08,4.474446,5.548617,1
         16, 9,25.0,1.20,4.993000,6.044000,1
         16, 9,85.0,1.08,5.765369,6.900688,1
         16,10,25.0,1.20,5.024000,6.035000,1
         16,10,85.0,1.08,5.752865,6.899305,1
         16,11,25.0,1.20,6.040000,7.051000,1
         16,11,85.0,1.08,6.734524,7.885066,1
         16,12,25.0,1.20,5.022000,5.927000,1
         16,12,85.0,1.08,5.558299,6.839661,1
         16,13,25.0,1.20,5.655000,6.695000,1
         16,13,85.0,1.08,6.641330,7.811994,1
         16,14,25.0,1.20,6.212000,7.222000,1
         16,14,85.0,1.08,6.691459,7.828479,1
         16,15,25.0,1.20,7.102000,8.128000,1
         16,15,85.0,1.08,8.003204,9.115579,1
         17, 0,25.0,1.20,4.084000,4.061000,0
         17, 0,85.0,1.08,4.512268,4.484734,0
         17, 1,25.0,1.20,3.875000,5.223000,1
         17, 1,85.0,1.08,4.414381,5.604345,1
         17, 2,25.0,1.20,4.077000,5.008000,1
         17, 2,85.0,1.08,4.490885,5.768107,1
         17, 3,25.0,1.20,5.084000,6.211000,1
         17, 3,85.0,1.08,5.786789,6.787736,1
         17, 4,25.0,1.20,3.913000,4.951000,1
         17, 4,85.0,1.08,4.712861,5.912207,1
         17, 5,25.0,1.20,5.031000,5.982000,1
         17, 5,85.0,1.08,5.699716,6.758728,1
         17, 6,25.0,1.20,4.988000,6.125000,1
         17, 6,85.0,1.08,5.884263,7.036590,1
         17, 7,25.0,1.20,5.854000,6.931000,1
         17, 7,85.0,1.08,7.009685,8.370354,1
         17, 8,25.0,1.20,4.110000,5.045000,1
         17, 8,85.0,1.08,4.654535,5.760770,1
         17, 9,25.0,1.20,4.947000,5.997000,1
         17, 9,85.0,1.08,5.565280,6.712300,1
         17,10,25.0,1.20,5.128000,6.129000,1
         17,10,85.0,1.08,5.493094,6.657478,1
         17,11,25.0,1.20,6.004000,6.939000,1
         17,11,85.0,1.08,6.917631,8.071174,1
         17,12,25.0,1.20,4.983000,5.959000,1
         17,12,85.0,1.08,5.805115,7.043488,1
         17,13,25.0,1.20,5.816000,6.780000,1
         17,13,85.0,1.08,6.801176,7.984961,1
         17,14,25.0,1.20,6.089000,7.156000,1
         17,14,85.0,1.08,6.735327,7.890468,1
         17,15,25.0,1.20,6.990000,7.961000,1
         17,15,85.0,1.08,7.851422,8.985601,1
         18, 0,25.0,1.20,4.076000,4.114000,1
         18, 0,85.0,1.08,4.386036,4.648591,1
         18, 1,25.0,1.20,3.913000,5.005000,1
         18, 1,85.0,1.08,4.641330,5.618989,1
         18, 2,25.0,1.20,4.063000,5.094000,1
         18, 2,85.0,1.08,4.531856,5.769630,1
         18, 3,25.0,1.20,5.204000,6.055000,1
         18, 3,85.0,1.08,6.075473,7.230175,1
         18, 4,25.0,1.20,3.941000,4.917000,1
         18, 4,85.0,1.08,4.370476,5.660353,1
         18, 5,25.0,1.20,4.880000,5.821000,1
         18, 5,85.0,1.08,5.363453,6.676057,1
         18, 6,25.0,1.20,5.112000,6.129000,1
         18, 6,85.0,1.08,5.708043,6.910529,1
         18, 7,25.0,1.20,5.906000,6.962000,1
         18, 7,85.0,1.08,6.747532,8.015082,1
         18, 8,25.0,1.20,4.031000,5.020000,1
         18, 8,85.0,1.08,4.537295,5.615008,1
         18, 9,25.0,1.20,4.904000,5.846000,1
         18, 9,85.0,1.08,5.646576,6.760831,1
         18,10,25.0,1.20,5.058000,6.079000,1
         18,10,85.0,1.08,5.892786,6.976200,1
         18,11,25.0,1.20,5.913000,6.945000,1
         18,11,85.0,1.08,6.706823,7.832778,1
         18,12,25.0,1.20,4.991000,6.017000,1
         18,12,85.0,1.08,5.748724,6.842138,1
         18,13,25.0,1.20,5.802000,6.767000,1
         18,13,85.0,1.08,7.013620,8.261357,1
         18,14,25.0,1.20,6.212000,7.194000,1
         18,14,85.0,1.08,7.013208,8.205872,1
         18,15,25.0,1.20,6.950000,7.946000,1
         18,15,85.0,1.08,8.141163,9.421142,1
         19, 0,25.0,1.20,4.132000,3.949000,0
         19, 0,85.0,1.08,4.659076,4.740403,1
         19, 1,25.0,1.20,3.946000,4.852000,1
         19, 1,85.0,1.08,4.427363,5.535056,1
         19, 2,25.0,1.20,4.058000,4.981000,1
         19, 2,85.0,1.08,4.395775,5.690743,1
         19, 3,25.0,1.20,4.934000,5.781000,1
         19, 3,85.0,1.08,5.962514,6.792615,1
         19, 4,25.0,1.20,3.914000,4.668000,1
         19, 4,85.0,1.08,4.574659,5.893881,1
         19, 5,25.0,1.20,5.155000,6.073000,1
         19, 5,85.0,1.08,5.813555,6.932574,1
         19, 6,25.0,1.20,5.086000,6.077000,1
         19, 6,85.0,1.08,5.573719,6.632572,1
         19, 7,25.0,1.20,6.064000,6.970000,1
         19, 7,85.0,1.08,6.828615,7.797937,1
         19, 8,25.0,1.20,4.082000,5.133000,1
         19, 8,85.0,1.08,4.475791,5.740406,1
         19, 9,25.0,1.20,4.878000,5.899000,1
         19, 9,85.0,1.08,5.467385,6.697197,1
         19,10,25.0,1.20,5.008000,6.006000,1
         19,10,85.0,1.08,5.658315,6.722467,1
         19,11,25.0,1.20,6.056000,7.100000,1
         19,11,85.0,1.08,7.126757,8.235993,1
         19,12,25.0,1.20,4.969000,5.955000,1
         19,12,85.0,1.08,5.733342,6.800933,1
         19,13,25.0,1.20,6.054000,6.981000,1
         19,13,85.0,1.08,6.712683,7.755770,1
         19,14,25.0,1.20,5.869000,6.919000,1
         19,14,85.0,1.08,6.964817,8.092856,1
         19,15,25.0,1.20,7.006000,8.017000,1
         19,15,85.0,1.08,8.240217,9.353873,1
         20, 0,25.0,1.20,3.902000,4.004000,1
         20, 0,85.0,1.08,4.475128,4.462586,0
         20, 1,25.0,1.20,3.986000,5.254000,1
         20, 1,85.0,1.08,4.708925,5.938711,1
         20, 2,25.0,1.20,3.848000,4.895000,1
         20, 2,85.0,1.08,4.408484,5.533655,1
         20, 3,25.0,1.20,4.947000,5.995000,1
         20, 3,85.0,1.08,5.457666,6.597826,1
         20, 4,25.0,1.20,3.962000,4.875000,1
         20, 4,85.0,1.08,4.517530,5.580663,1
         20, 5,25.0,1.20,5.053000,6.177000,1
         20, 5,85.0,1.08,6.024007,7.101776,1
         20, 6,25.0,1.20,5.208000,6.176000,1
         20, 6,85.0,1.08,5.631269,7.012283,1
         20, 7,25.0,1.20,6.042000,7.001000,1
         20, 7,85.0,1.08,6.805895,7.733565,1
         20, 8,25.0,1.20,4.149000,5.084000,1
         20, 8,85.0,1.08,4.337347,5.410078,1
         20, 9,25.0,1.20,5.010000,6.044000,1
         20, 9,85.0,1.08,5.720220,6.834240,1
         20,10,25.0,1.20,4.810000,5.855000,1
         20,10,85.0,1.08,5.813918,7.028507,1
         20,11,25.0,1.20,5.985000,6.898000,1
         20,11,85.0,1.08,6.984499,8.082333,1
         20,12,25.0,1.20,4.997000,5.969000,1
         20,12,85.0,1.08,5.771751,6.874725,1
         20,13,25.0,1.20,6.005000,6.934000,1
         20,13,85.0,1.08,6.730785,7.874225,1
         20,14,25.0,1.20,6.133000,7.147000,1
         20,14,85.0,1.08,6.808914,7.831778,1
         20,15,25.0,1.20,7.149000,8.175000,1
         20,15,85.0,1.08,7.877347,9.087075,1
         21, 0,25.0,1.20,4.005000,4.148000,1
         21, 0,85.0,1.08,4.467268,4.256096,0
         21, 1,25.0,1.20,4.077000,5.145000,1
         21, 1,85.0,1.08,4.531734,5.866244,1
         21, 2,25.0,1.20,3.875000,5.010000,1
         21, 2,85.0,1.08,4.476128,5.670857,1
         21, 3,25.0,1.20,4.982000,6.103000,1
         21, 3,85.0,1.08,5.555439,6.805475,1
         21, 4,25.0,1.20,4.238000,5.109000,1
         21, 4,85.0,1.08,4.742588,5.846824,1
         21, 5,25.0,1.20,5.042000,5.993000,1
         21, 5,85.0,1.08,5.912991,6.960078,1
         21, 6,25.0,1.20,5.430000,6.456000,1
         21, 6,85.0,1.08,5.704398,6.886725,1
         21, 7,25.0,1.20,5.801000,6.831000,1
         21, 7,85.0,1.08,6.707281,7.819516,1
         21, 8,25.0,1.20,4.165000,5.162000,1
         21, 8,85.0,1.08,4.631451,5.819778,1
         21, 9,25.0,1.20,5.025000,6.087000,1
         21, 9,85.0,1.08,5.878002,7.067189,1
         21,10,25.0,1.20,5.099000,6.101000,1
         21,10,85.0,1.08,5.712285,6.781335,1
         21,11,25.0,1.20,6.032000,7.025000,1
         21,11,85.0,1.08,6.743448,7.791433,1
         21,12,25.0,1.20,4.953000,5.991000,1
         21,12,85.0,1.08,5.657838,6.826661,1
         21,13,25.0,1.20,6.085000,7.085000,1
         21,13,85.0,1.08,6.923229,8.048848,1
         21,14,25.0,1.20,6.028000,6.994000,1
         21,14,85.0,1.08,6.765065,7.887843,1
         21,15,25.0,1.20,7.228000,8.216000,1
         21,15,85.0,1.08,8.082052,9.085935,1
         22, 0,25.0,1.20,4.106000,4.130000,1
         22, 0,85.0,1.08,4.689039,4.512052,0
         22, 1,25.0,1.20,4.113000,5.091000,1
         22, 1,85.0,1.08,4.453511,5.795910,1
         22, 2,25.0,1.20,4.050000,5.002000,1
         22, 2,85.0,1.08,4.548163,5.681595,1
         22, 3,25.0,1.20,4.868000,5.929000,1
         22, 3,85.0,1.08,5.834778,6.968817,1
         22, 4,25.0,1.20,3.757000,4.944000,1
         22, 4,85.0,1.08,4.678675,5.838956,1
         22, 5,25.0,1.20,5.109000,6.135000,1
         22, 5,85.0,1.08,5.972878,6.955097,1
         22, 6,25.0,1.20,5.016000,6.003000,1
         22, 6,85.0,1.08,5.843199,7.044890,1
         22, 7,25.0,1.20,5.768000,6.830000,1
         22, 7,85.0,1.08,6.617947,7.783293,1
         22, 8,25.0,1.20,3.991000,5.039000,1
         22, 8,85.0,1.08,4.600761,5.686035,1
         22, 9,25.0,1.20,4.872000,5.853000,1
         22, 9,85.0,1.08,5.796293,6.997938,1
         22,10,25.0,1.20,4.969000,6.013000,1
         22,10,85.0,1.08,5.852722,7.038367,1
         22,11,25.0,1.20,5.875000,6.881000,1
         22,11,85.0,1.08,6.676796,7.804414,1
         22,12,25.0,1.20,4.929000,5.914000,1
         22,12,85.0,1.08,5.533037,6.653516,1
         22,13,25.0,1.20,6.078000,7.140000,1
         22,13,85.0,1.08,6.818895,7.993241,1
         22,14,25.0,1.20,5.973000,7.088000,1
         22,14,85.0,1.08,6.749486,7.809994,1
         22,15,25.0,1.20,6.974000,7.961000,1
         22,15,85.0,1.08,8.094034,9.212493,1
         23, 0,25.0,1.20,4.156000,3.869000,0
         23, 0,85.0,1.08,4.537575,4.563182,1
         23, 1,25.0,1.20,3.972000,5.015000,1
         23, 1,85.0,1.08,4.574761,5.881786,1
         23, 2,25.0,1.20,4.072000,5.117000,1
         23, 2,85.0,1.08,4.582966,5.711622,1
         23, 3,25.0,1.20,5.052000,6.087000,1
         23, 3,85.0,1.08,5.465226,6.720505,1
         23, 4,25.0,1.20,4.067000,5.237000,1
         23, 4,85.0,1.08,4.684319,5.799153,1
         23, 5,25.0,1.20,4.983000,5.988000,1
         23, 5,85.0,1.08,5.647811,6.821717,1
         23, 6,25.0,1.20,5.129000,6.160000,1
         23, 6,85.0,1.08,5.636894,6.681815,1
         23, 7,25.0,1.20,5.830000,7.031000,1
         23, 7,85.0,1.08,7.041731,8.099556,1
         23, 8,25.0,1.20,3.831000,4.798000,1
         23, 8,85.0,1.08,4.500128,5.650129,1
         23, 9,25.0,1.20,5.025000,6.047000,1
         23, 9,85.0,1.08,5.793115,7.078655,1
         23,10,25.0,1.20,4.945000,5.861000,1
         23,10,85.0,1.08,5.719024,6.909911,1
         23,11,25.0,1.20,6.005000,6.921000,1
         23,11,85.0,1.08,6.893407,8.042511,1
         23,12,25.0,1.20,4.839000,5.796000,1
         23,12,85.0,1.08,5.718323,6.961097,1
         23,13,25.0,1.20,5.956000,6.971000,1
         23,13,85.0,1.08,6.780270,7.921290,1
         23,14,25.0,1.20,5.878000,6.802000,1
         23,14,85.0,1.08,6.767971,7.875487,1
         23,15,25.0,1.20,7.110000,8.084000,1
         23,15,85.0,1.08,7.942476,9.109878,1
         24, 0,25.0,1.20,4.103000,4.142000,1
         24, 0,85.0,1.08,4.523295,4.461166,0
         24, 1,25.0,1.20,3.990000,5.168000,1
         24, 1,85.0,1.08,4.554295,5.703584,1
         24, 2,25.0,1.20,3.968000,5.056000,1
         24, 2,85.0,1.08,4.649758,5.915608,1
         24, 3,25.0,1.20,5.164000,6.023000,1
         24, 3,85.0,1.08,5.565121,6.767308,1
         24, 4,25.0,1.20,4.028000,4.851000,1
         24, 4,85.0,1.08,4.384578,5.405957,1
         24, 5,25.0,1.20,5.120000,6.258000,1
         24, 5,85.0,1.08,5.877244,7.005003,1
         24, 6,25.0,1.20,5.199000,6.120000,1
         24, 6,85.0,1.08,5.767088,7.037927,1
         24, 7,25.0,1.20,6.125000,7.136000,1
         24, 7,85.0,1.08,6.896108,7.973279,1
         24, 8,25.0,1.20,3.941000,4.959000,1
         24, 8,85.0,1.08,4.679713,5.805452,1
         24, 9,25.0,1.20,4.991000,5.976000,1
         24, 9,85.0,1.08,5.433264,6.495613,1
         24,10,25.0,1.20,5.011000,6.041000,1
         24,10,85.0,1.08,5.577700,6.645030,1
         24,11,25.0,1.20,6.207000,7.225000,1
         24,11,85.0,1.08,6.889707,8.035726,1
         24,12,25.0,1.20,4.956000,6.047000,1
         24,12,85.0,1.08,5.608652,6.695141,1
         24,13,25.0,1.20,6.169000,7.266000,1
         24,13,85.0,1.08,6.637993,7.820357,1
         24,14,25.0,1.20,6.106000,7.106000,1
         24,14,85.0,1.08,7.040227,8.190050,1
         24,15,25.0,1.20,7.080000,8.051000,1
         24,15,85.0,1.08,7.922233,8.985601,1
         25, 0,25.0,1.20,4.037000,3.984000,0
         25, 0,85.0,1.08,4.471249,4.750365,1
         25, 1,25.0,1.20,4.134000,5.028000,1
         25, 1,85.0,1.08,4.678936,5.689679,1
         25, 2,25.0,1.20,3.975000,4.907000,1
         25, 2,85.0,1.08,4.698236,5.743266,1
         25, 3,25.0,1.20,4.991000,5.827000,1
         25, 3,85.0,1.08,5.612708,6.767569,1
         25, 4,25.0,1.20,4.172000,5.190000,1
         25, 4,85.0,1.08,4.736645,5.838900,1
         25, 5,25.0,1.20,5.075000,5.968000,1
         25, 5,85.0,1.08,5.609811,6.753971,1
         25, 6,25.0,1.20,4.874000,5.861000,1
         25, 6,85.0,1.08,5.732482,7.083113,1
         25, 7,25.0,1.20,6.090000,6.988000,1
         25, 7,85.0,1.08,6.758028,7.924373,1
         25, 8,25.0,1.20,3.888000,4.839000,1
         25, 8,85.0,1.08,4.600087,5.797975,1
         25, 9,25.0,1.20,4.831000,5.797000,1
         25, 9,85.0,1.08,5.856581,7.070011,1
         25,10,25.0,1.20,5.002000,5.971000,1
         25,10,85.0,1.08,5.670512,6.679235,1
         25,11,25.0,1.20,6.127000,7.053000,1
         25,11,85.0,1.08,6.813054,7.948775,1
         25,12,25.0,1.20,4.797000,5.730000,1
         25,12,85.0,1.08,5.738660,6.842876,1
         25,13,25.0,1.20,6.018000,7.016000,1
         25,13,85.0,1.08,6.749028,7.913710,1
         25,14,25.0,1.20,6.190000,7.144000,1
         25,14,85.0,1.08,6.930370,8.116416,1
         25,15,25.0,1.20,7.013000,7.961000,1
         25,15,85.0,1.08,7.925392,8.998143,1
         26, 0,25.0,1.20,3.944000,4.023000,1
         26, 0,85.0,1.08,4.342085,4.565985,1
         26, 1,25.0,1.20,3.923000,4.816000,1
         26, 1,85.0,1.08,4.510249,5.584345,1
         26, 2,25.0,1.20,3.908000,4.895000,1
         26, 2,85.0,1.08,4.402036,5.750164,1
         26, 3,25.0,1.20,5.147000,6.261000,1
         26, 3,85.0,1.08,5.825498,6.989760,1
         26, 4,25.0,1.20,4.040000,5.135000,1
         26, 4,85.0,1.08,4.769804,5.778088,1
         26, 5,25.0,1.20,5.084000,6.043000,1
         26, 5,85.0,1.08,5.721808,6.938014,1
         26, 6,25.0,1.20,5.050000,6.137000,1
         26, 6,85.0,1.08,5.828937,6.938135,1
         26, 7,25.0,1.20,5.901000,6.996000,1
         26, 7,85.0,1.08,6.695179,7.730126,1
         26, 8,25.0,1.20,4.049000,5.034000,1
         26, 8,85.0,1.08,4.582117,5.800929,1
         26, 9,25.0,1.20,4.846000,5.839000,1
         26, 9,85.0,1.08,5.864404,7.034908,1
         26,10,25.0,1.20,4.892000,5.938000,1
         26,10,85.0,1.08,5.685857,6.810391,1
         26,11,25.0,1.20,6.151000,7.167000,1
         26,11,85.0,1.08,7.065553,8.188909,1
         26,12,25.0,1.20,4.865000,5.844000,1
         26,12,85.0,1.08,5.618606,6.709281,1
         26,13,25.0,1.20,5.926000,6.884000,1
         26,13,85.0,1.08,6.903426,8.057249,1
         26,14,25.0,1.20,6.032000,7.108000,1
         26,14,85.0,1.08,7.052749,8.129621,1
         26,15,25.0,1.20,6.951000,7.954000,1
         26,15,85.0,1.08,8.210451,9.392638,1
         27, 0,25.0,1.20,3.942000,4.025000,1
         27, 0,85.0,1.08,4.627629,4.576883,0
         27, 1,25.0,1.20,3.899000,4.894000,1
         27, 1,85.0,1.08,4.691095,5.750509,1
         27, 2,25.0,1.20,3.955000,5.008000,1
         27, 2,85.0,1.08,4.672656,5.667156,1
         27, 3,25.0,1.20,4.912000,6.181000,1
         27, 3,85.0,1.08,5.516552,6.580807,1
         27, 4,25.0,1.20,4.050000,5.121000,1
         27, 4,85.0,1.08,4.349010,5.483870,1
         27, 5,25.0,1.20,4.960000,5.973000,1
         27, 5,85.0,1.08,5.776172,6.897445,1
         27, 6,25.0,1.20,4.741000,5.739000,1
         27, 6,85.0,1.08,5.802668,7.192569,1
         27, 7,25.0,1.20,6.046000,7.127000,1
         27, 7,85.0,1.08,6.928752,8.011204,1
         27, 8,25.0,1.20,4.102000,5.035000,1
         27, 8,85.0,1.08,4.510435,5.659156,1
         27, 9,25.0,1.20,4.782000,5.870000,1
         27, 9,85.0,1.08,5.577757,6.637807,1
         27,10,25.0,1.20,5.198000,6.146000,1
         27,10,85.0,1.08,5.762051,6.789914,1
         27,11,25.0,1.20,5.761000,6.754000,1
         27,11,85.0,1.08,6.470969,7.561102,1
         27,12,25.0,1.20,4.902000,5.846000,1
         27,12,85.0,1.08,5.565663,6.678459,1
         27,13,25.0,1.20,5.813000,6.780000,1
         27,13,85.0,1.08,6.680394,7.764789,1
         27,14,25.0,1.20,6.016000,6.961000,1
         27,14,85.0,1.08,6.741766,7.953214,1
         27,15,25.0,1.20,6.727000,7.661000,1
         27,15,85.0,1.08,7.954476,9.164606,1
         28, 0,25.0,1.20,4.053000,3.925000,0
         28, 0,85.0,1.08,4.647376,4.371290,0
         28, 1,25.0,1.20,4.152000,5.072000,1
         28, 1,85.0,1.08,4.545977,5.732285,1
         28, 2,25.0,1.20,4.070000,4.896000,1
         28, 2,85.0,1.08,4.452400,5.616811,1
         28, 3,25.0,1.20,5.029000,6.085000,1
         28, 3,85.0,1.08,5.726145,6.767448,1
         28, 4,25.0,1.20,4.082000,5.094000,1
         28, 4,85.0,1.08,4.459605,5.661493,1
         28, 5,25.0,1.20,4.841000,5.693000,1
         28, 5,85.0,1.08,5.808069,6.882585,1
         28, 6,25.0,1.20,5.055000,6.105000,1
         28, 6,85.0,1.08,5.699175,6.851044,1
         28, 7,25.0,1.20,5.877000,6.855000,1
         28, 7,85.0,1.08,6.715281,8.030567,1
         28, 8,25.0,1.20,4.138000,5.225000,1
         28, 8,85.0,1.08,4.569939,5.735724,1
         28, 9,25.0,1.20,4.965000,5.941000,1
         28, 9,85.0,1.08,5.621690,6.827998,1
         28,10,25.0,1.20,5.076000,6.052000,1
         28,10,85.0,1.08,5.556682,6.753868,1
         28,11,25.0,1.20,6.098000,7.160000,1
         28,11,85.0,1.08,6.997256,8.125416,1
         28,12,25.0,1.20,4.855000,5.830000,1
         28,12,85.0,1.08,5.885983,7.112496,1
         28,13,25.0,1.20,6.055000,7.010000,1
         28,13,85.0,1.08,6.838558,7.987840,1
         28,14,25.0,1.20,6.092000,7.115000,1
         28,14,85.0,1.08,6.747569,7.853002,1
         28,15,25.0,1.20,6.971000,7.983000,1
         28,15,85.0,1.08,7.903430,9.134962,1
         29, 0,25.0,1.20,3.786000,4.080000,1
         29, 0,85.0,1.08,4.543734,4.360915,0
         29, 1,25.0,1.20,3.994000,5.060000,1
         29, 1,85.0,1.08,4.753710,5.912347,1
         29, 2,25.0,1.20,4.092000,5.089000,1
         29, 2,85.0,1.08,4.490885,5.601727,1
         29, 3,25.0,1.20,4.947000,5.813000,1
         29, 3,85.0,1.08,5.662716,6.800774,1
         29, 4,25.0,1.20,3.916000,5.003000,1
         29, 4,85.0,1.08,4.548295,5.730361,1
         29, 5,25.0,1.20,5.057000,6.033000,1
         29, 5,85.0,1.08,5.647493,6.759766,1
         29, 6,25.0,1.20,4.839000,5.994000,1
         29, 6,85.0,1.08,5.537337,6.673796,1
         29, 7,25.0,1.20,5.985000,7.167000,1
         29, 7,85.0,1.08,6.832680,8.078912,1
         29, 8,25.0,1.20,3.801000,4.859000,1
         29, 8,85.0,1.08,4.565481,5.698520,1
         29, 9,25.0,1.20,4.951000,5.939000,1
         29, 9,85.0,1.08,5.896608,6.959677,1
         29,10,25.0,1.20,4.858000,5.778000,1
         29,10,85.0,1.08,5.800471,6.920229,1
         29,11,25.0,1.20,6.185000,7.219000,1
         29,11,85.0,1.08,6.936911,8.094734,1
         29,12,25.0,1.20,4.923000,5.873000,1
         29,12,85.0,1.08,5.781228,6.864343,1
         29,13,25.0,1.20,6.072000,7.138000,1
         29,13,85.0,1.08,7.008283,8.189489,1
         29,14,25.0,1.20,6.042000,7.077000,1
         29,14,85.0,1.08,7.166485,8.283225,1
         29,15,25.0,1.20,7.192000,8.137000,1
         29,15,85.0,1.08,8.049530,9.210212,1
         30, 0,25.0,1.20,3.890000,3.983000,1
         30, 0,85.0,1.08,4.682141,4.668311,0
         30, 1,25.0,1.20,4.049000,5.082000,1
         30, 1,85.0,1.08,4.546098,5.721202,1
         30, 2,25.0,1.20,4.148000,5.224000,1
         30, 2,85.0,1.08,4.219134,5.512749,1
         30, 3,25.0,1.20,4.885000,6.167000,1
         30, 3,85.0,1.08,5.589027,6.830456,1
         30, 4,25.0,1.20,4.002000,4.960000,1
         30, 4,85.0,1.08,4.507128,5.705080,1
         30, 5,25.0,1.20,4.949000,5.937000,1
         30, 5,85.0,1.08,5.668894,6.915491,1
         30, 6,25.0,1.20,4.871000,5.928000,1
         30, 6,85.0,1.08,5.446348,6.668758,1
         30, 7,25.0,1.20,5.864000,6.878000,1
         30, 7,85.0,1.08,6.774990,7.773012,1
         30, 8,25.0,1.20,4.124000,5.111000,1
         30, 8,85.0,1.08,4.429007,5.605989,1
         30, 9,25.0,1.20,4.966000,5.965000,1
         30, 9,85.0,1.08,5.662156,6.842502,1
         30,10,25.0,1.20,5.073000,6.071000,1
         30,10,85.0,1.08,5.425722,6.493033,1
         30,11,25.0,1.20,6.068000,7.093000,1
         30,11,85.0,1.08,6.971836,8.067371,1
         30,12,25.0,1.20,5.019000,6.071000,1
         30,12,85.0,1.08,5.785611,6.968378,1
         30,13,25.0,1.20,6.027000,7.018000,1
         30,13,85.0,1.08,6.738327,7.899570,1
         30,14,25.0,1.20,6.160000,7.083000,1
         30,14,85.0,1.08,6.817736,7.898926,1
         30,15,25.0,1.20,7.158000,8.148000,1
         30,15,85.0,1.08,8.193451,9.341331,1
         31, 0,25.0,1.20,3.973000,4.142000,1
         31, 0,85.0,1.08,4.776672,4.653591,0
         31, 1,25.0,1.20,4.184000,4.980000,1
         31, 1,85.0,1.08,4.545098,5.866862,1
         31, 2,25.0,1.20,4.025000,4.909000,1
         31, 2,85.0,1.08,4.678403,5.803714,1
         31, 3,25.0,1.20,4.870000,5.904000,1
         31, 3,85.0,1.08,5.498833,6.573200,1
         31, 4,25.0,1.20,3.974000,4.940000,1
         31, 4,85.0,1.08,4.783411,5.988579,1
         31, 5,25.0,1.20,4.933000,5.957000,1
         31, 5,85.0,1.08,5.708482,6.971359,1
         31, 6,25.0,1.20,5.008000,5.986000,1
         31, 6,85.0,1.08,5.651455,6.822895,1
         31, 7,25.0,1.20,5.953000,6.889000,1
         31, 7,85.0,1.08,6.861922,7.959999,1
         31, 8,25.0,1.20,3.984000,4.953000,1
         31, 8,85.0,1.08,4.898362,5.965813,1
         31, 9,25.0,1.20,5.059000,6.101000,1
         31, 9,85.0,1.08,5.814077,6.985302,1
         31,10,25.0,1.20,5.036000,6.127000,1
         31,10,85.0,1.08,5.592008,6.654955,1
         31,11,25.0,1.20,5.910000,6.942000,1
         31,11,85.0,1.08,7.083515,8.278823,1
         31,12,25.0,1.20,5.037000,6.022000,1
         31,12,85.0,1.08,5.536196,6.740364,1
         31,13,25.0,1.20,6.129000,7.094000,1
         31,13,85.0,1.08,6.841286,8.005166,1
         31,14,25.0,1.20,6.024000,7.006000,1
         31,14,85.0,1.08,6.864464,7.966438,1
         31,15,25.0,1.20,7.054000,7.964000,1
         31,15,85.0,1.08,7.934093,9.064272,1
         32, 0,25.0,1.20,3.927000,4.038000,1
         32, 0,85.0,1.08,4.698198,4.640853,0
         32, 1,25.0,1.20,3.926000,4.883000,1
         32, 1,85.0,1.08,4.482511,5.567261,1
         32, 2,25.0,1.20,4.046000,4.795000,1
         32, 2,85.0,1.08,4.685758,5.723724,1
         32, 3,25.0,1.20,5.167000,6.191000,1
         32, 3,85.0,1.08,5.673417,6.670114,1
         32, 4,25.0,1.20,3.994000,5.000000,1
         32, 4,85.0,1.08,4.713076,5.703520,1
         32, 5,25.0,1.20,4.909000,5.980000,1
         32, 5,85.0,1.08,5.584905,6.602947,1
         32, 6,25.0,1.20,4.848000,5.812000,1
         32, 6,85.0,1.08,5.716743,6.654936,1
         32, 7,25.0,1.20,5.987000,7.100000,1
         32, 7,85.0,1.08,7.044227,8.188349,1
         32, 8,25.0,1.20,3.884000,4.867000,1
         32, 8,85.0,1.08,4.656880,5.829404,1
         32, 9,25.0,1.20,4.944000,6.021000,1
         32, 9,85.0,1.08,5.461404,6.635171,1
         32,10,25.0,1.20,4.915000,5.966000,1
         32,10,85.0,1.08,5.690735,6.837998,1
         32,11,25.0,1.20,5.750000,6.812000,1
         32,11,85.0,1.08,6.959359,8.125883,1
         32,12,25.0,1.20,5.056000,6.041000,1
         32,12,85.0,1.08,5.555280,6.691179,1
         32,13,25.0,1.20,5.958000,6.897000,1
         32,13,85.0,1.08,6.911229,8.085155,1
         32,14,25.0,1.20,5.864000,6.773000,1
         32,14,85.0,1.08,7.030245,8.287281,1
         32,15,25.0,1.20,6.818000,7.789000,1
         32,15,85.0,1.08,8.004484,9.139523,1
         33, 0,25.0,1.20,3.987000,3.935000,0
         33, 0,85.0,1.08,4.537322,4.537212,0
         33, 1,25.0,1.20,4.228000,5.069000,1
         33, 1,85.0,1.08,4.775513,5.771528,1
         33, 2,25.0,1.20,3.821000,4.818000,1
         33, 2,85.0,1.08,4.570004,5.708220,1
         33, 3,25.0,1.20,4.947000,6.107000,1
         33, 3,85.0,1.08,5.818255,7.028245,1
         33, 4,25.0,1.20,4.156000,5.215000,1
         33, 4,85.0,1.08,4.521015,5.536598,1
         33, 5,25.0,1.20,4.936000,5.912000,1
         33, 5,85.0,1.08,5.849797,6.766569,1
         33, 6,25.0,1.20,5.022000,6.049000,1
         33, 6,85.0,1.08,5.709239,6.883305,1
         33, 7,25.0,1.20,5.928000,7.040000,1
         33, 7,85.0,1.08,6.947836,8.036446,1
         33, 8,25.0,1.20,4.118000,5.088000,1
         33, 8,85.0,1.08,4.512734,5.646091,1
         33, 9,25.0,1.20,4.971000,5.953000,1
         33, 9,85.0,1.08,5.755528,6.877763,1
         33,10,25.0,1.20,5.110000,6.053000,1
         33,10,85.0,1.08,5.703781,6.737766,1
         33,11,25.0,1.20,6.076000,7.105000,1
         33,11,85.0,1.08,6.950976,8.162527,1
         33,12,25.0,1.20,4.746000,5.764000,1
         33,12,85.0,1.08,5.727425,6.951415,1
         33,13,25.0,1.20,5.862000,6.816000,1
         33,13,85.0,1.08,7.029367,8.257198,1
         33,14,25.0,1.20,5.990000,7.005000,1
         33,14,85.0,1.08,6.777372,7.930074,1
         33,15,25.0,1.20,7.114000,8.172000,1
         33,15,85.0,1.08,7.804676,8.968499,1
         34, 0,25.0,1.20,4.139000,4.100000,0
         34, 0,85.0,1.08,4.780634,4.466063,0
         34, 1,25.0,1.20,3.974000,5.064000,1
         34, 1,85.0,1.08,4.536659,5.583382,1
         34, 2,25.0,1.20,4.234000,5.077000,1
         34, 2,85.0,1.08,4.486034,5.670913,1
         34, 3,25.0,1.20,5.203000,6.264000,1
         34, 3,85.0,1.08,5.941730,7.016927,1
         34, 4,25.0,1.20,4.012000,5.035000,1
         34, 4,85.0,1.08,4.226217,5.599663,1
         34, 5,25.0,1.20,5.069000,6.027000,1
         34, 5,85.0,1.08,5.444984,6.527734,1
         34, 6,25.0,1.20,4.806000,5.858000,1
         34, 6,85.0,1.08,5.657652,6.759289,1
         34, 7,25.0,1.20,6.178000,7.046000,1
         34, 7,85.0,1.08,6.770028,7.873506,1
         34, 8,25.0,1.20,4.173000,5.119000,1
         34, 8,85.0,1.08,4.522098,5.656735,1
         34, 9,25.0,1.20,4.829000,5.847000,1
         34, 9,85.0,1.08,5.601504,6.826157,1
         34,10,25.0,1.20,4.994000,5.952000,1
         34,10,85.0,1.08,5.581485,6.816278,1
         34,11,25.0,1.20,6.000000,7.093000,1
         34,11,85.0,1.08,6.749130,7.834880,1
         34,12,25.0,1.20,5.084000,6.097000,1
         34,12,85.0,1.08,5.793937,6.959359,1
         34,13,25.0,1.20,6.217000,7.218000,1
         34,13,85.0,1.08,6.860380,7.975438,1
         34,14,25.0,1.20,5.993000,6.947000,1
         34,14,85.0,1.08,6.886407,8.029427,1
         34,15,25.0,1.20,7.109000,8.138000,1
         34,15,85.0,1.08,8.066212,9.205652,1
         35, 0,25.0,1.20,4.080000,3.968000,0
         35, 0,85.0,1.08,4.611883,4.553864,0
         35, 1,25.0,1.20,4.086000,5.056000,1
         35, 1,85.0,1.08,4.646591,5.879589,1
         35, 2,25.0,1.20,3.964000,5.083000,1
         35, 2,85.0,1.08,4.569144,5.743069,1
         35, 3,25.0,1.20,4.930000,6.107000,1
         35, 3,85.0,1.08,5.804077,6.867502,1
         35, 4,25.0,1.20,3.837000,4.802000,1
         35, 4,85.0,1.08,4.796252,5.996560,1
         35, 5,25.0,1.20,5.013000,5.979000,1
         35, 5,85.0,1.08,5.735202,6.801774,1
         35, 6,25.0,1.20,5.041000,6.043000,1
         35, 6,85.0,1.08,5.663156,6.772513,1
         35, 7,25.0,1.20,6.172000,7.168000,1
         35, 7,85.0,1.08,6.733664,7.818778,1
         35, 8,25.0,1.20,3.983000,5.038000,1
         35, 8,85.0,1.08,4.665273,5.793452,1
         35, 9,25.0,1.20,4.978000,6.008000,1
         35, 9,85.0,1.08,5.606129,6.649955,1
         35,10,25.0,1.20,4.967000,5.989000,1
         35,10,85.0,1.08,5.807471,6.913127,1
         35,11,25.0,1.20,5.840000,6.808000,1
         35,11,85.0,1.08,6.724804,7.937654,1
         35,12,25.0,1.20,4.857000,5.831000,1
         35,12,85.0,1.08,5.650474,6.727906,1
         35,13,25.0,1.20,5.893000,6.825000,1
         35,13,85.0,1.08,6.806251,7.879263,1
         35,14,25.0,1.20,6.071000,7.123000,1
         35,14,85.0,1.08,6.870165,7.987540,1
         35,15,25.0,1.20,7.021000,8.005000,1
         35,15,85.0,1.08,8.037249,9.126981,1
         36, 0,25.0,1.20,4.090000,3.895000,0
         36, 0,85.0,1.08,4.748149,4.316123,0
         36, 1,25.0,1.20,3.909000,5.067000,1
         36, 1,85.0,1.08,4.395775,5.810956,1
         36, 2,25.0,1.20,4.075000,5.030000,1
         36, 2,85.0,1.08,4.371915,5.455507,1
         36, 3,25.0,1.20,5.034000,6.059000,1
         36, 3,85.0,1.08,5.670978,6.861203,1
         36, 4,25.0,1.20,3.949000,4.799000,1
         36, 4,85.0,1.08,4.561023,5.853404,1
         36, 5,25.0,1.20,4.994000,5.951000,1
         36, 5,85.0,1.08,5.941252,7.019545,1
         36, 6,25.0,1.20,4.860000,5.944000,1
         36, 6,85.0,1.08,5.953215,6.929351,1
         36, 7,25.0,1.20,5.905000,7.096000,1
         36, 7,85.0,1.08,6.668338,7.881926,1
         36, 8,25.0,1.20,3.905000,4.939000,1
         36, 8,85.0,1.08,4.596424,5.726501,1
         36, 9,25.0,1.20,5.041000,6.044000,1
         36, 9,85.0,1.08,5.725425,6.918033,1
         36,10,25.0,1.20,4.933000,5.910000,1
         36,10,85.0,1.08,5.609129,6.730205,1
         36,11,25.0,1.20,6.125000,7.161000,1
         36,11,85.0,1.08,6.652675,7.779452,1
         36,12,25.0,1.20,4.960000,5.938000,1
         36,12,85.0,1.08,5.708361,6.827717,1
         36,13,25.0,1.20,5.992000,6.961000,1
         36,13,85.0,1.08,6.835820,7.940934,1
         36,14,25.0,1.20,6.198000,7.158000,1
         36,14,85.0,1.08,7.006321,8.160724,1
         36,15,25.0,1.20,6.867000,7.871000,1
         36,15,85.0,1.08,7.912169,9.002703,1
         37, 0,25.0,1.20,4.073000,4.096000,1
         37, 0,85.0,1.08,4.633152,4.608985,0
         37, 1,25.0,1.20,3.972000,5.000000,1
         37, 1,85.0,1.08,4.632163,5.661118,1
         37, 2,25.0,1.20,3.843000,4.770000,1
         37, 2,85.0,1.08,4.574368,5.959813,1
         37, 3,25.0,1.20,5.159000,6.125000,1
         37, 3,85.0,1.08,5.526496,6.826736,1
         37, 4,25.0,1.20,4.058000,5.059000,1
         37, 4,85.0,1.08,4.443548,5.723266,1
         37, 5,25.0,1.20,4.995000,6.114000,1
         37, 5,85.0,1.08,5.668137,6.840661,1
         37, 6,25.0,1.20,5.107000,6.109000,1
         37, 6,85.0,1.08,5.831274,6.930631,1
         37, 7,25.0,1.20,5.938000,6.846000,1
         37, 7,85.0,1.08,7.120121,8.069511,1
         37, 8,25.0,1.20,3.843000,4.827000,1
         37, 8,85.0,1.08,4.516511,5.544776,1
         37, 9,25.0,1.20,5.071000,5.950000,1
         37, 9,85.0,1.08,5.735342,6.882922,1
         37,10,25.0,1.20,5.060000,6.074000,1
         37,10,85.0,1.08,5.660716,6.820717,1
         37,11,25.0,1.20,5.961000,6.903000,1
         37,11,85.0,1.08,6.653413,7.912869,1
         37,12,25.0,1.20,4.981000,5.989000,1
         37,12,85.0,1.08,5.682838,6.830418,1
         37,13,25.0,1.20,5.953000,6.978000,1
         37,13,85.0,1.08,7.034310,8.237198,1
         37,14,25.0,1.20,6.109000,7.067000,1
         37,14,85.0,1.08,7.123496,8.314505,1
         37,15,25.0,1.20,6.976000,8.000000,1
         37,15,85.0,1.08,8.270740,9.383517,1
         38, 0,25.0,1.20,3.921000,4.251000,1
         38, 0,85.0,1.08,4.517454,4.771429,1
         38, 1,25.0,1.20,4.104000,5.033000,1
         38, 1,85.0,1.08,4.562416,5.727547,1
         38, 2,25.0,1.20,3.855000,4.877000,1
         38, 2,85.0,1.08,4.495109,5.828638,1
         38, 3,25.0,1.20,4.841000,5.947000,1
         38, 3,85.0,1.08,5.705304,6.888025,1
         38, 4,25.0,1.20,3.960000,5.043000,1
         38, 4,85.0,1.08,4.526352,5.871244,1
         38, 5,25.0,1.20,5.033000,6.177000,1
         38, 5,85.0,1.08,5.923533,7.128337,1
         38, 6,25.0,1.20,4.998000,6.043000,1
         38, 6,85.0,1.08,5.736967,7.156887,1
         38, 7,25.0,1.20,6.188000,6.942000,1
         38, 7,85.0,1.08,6.666076,7.889047,1
         38, 8,25.0,1.20,4.047000,5.065000,1
         38, 8,85.0,1.08,4.558724,5.748210,1
         38, 9,25.0,1.20,5.027000,6.024000,1
         38, 9,85.0,1.08,5.829657,6.971518,1
         38,10,25.0,1.20,5.150000,6.057000,1
         38,10,85.0,1.08,5.556878,6.717842,1
         38,11,25.0,1.20,5.944000,6.927000,1
         38,11,85.0,1.08,6.662553,7.795732,1
         38,12,25.0,1.20,5.008000,6.023000,1
         38,12,85.0,1.08,5.808134,6.913388,1
         38,13,25.0,1.20,5.975000,6.894000,1
         38,13,85.0,1.08,6.883006,8.007044,1
         38,14,25.0,1.20,6.221000,7.269000,1
         38,14,85.0,1.08,6.878127,7.955018,1
         38,15,25.0,1.20,7.034000,8.093000,1
         38,15,85.0,1.08,7.794975,8.875005,1
         39, 0,25.0,1.20,4.043000,3.949000,0
         39, 0,85.0,1.08,4.616750,4.600303,0
         39, 1,25.0,1.20,3.903000,4.993000,1
         39, 1,85.0,1.08,4.605228,5.894328,1
         39, 2,25.0,1.20,4.049000,5.076000,1
         39, 2,85.0,1.08,4.514212,5.504215,1
         39, 3,25.0,1.20,5.099000,6.112000,1
         39, 3,85.0,1.08,5.851021,6.978639,1
         39, 4,25.0,1.20,4.043000,5.027000,1
         39, 4,85.0,1.08,4.480511,5.528560,1
         39, 5,25.0,1.20,4.930000,5.926000,1
         39, 5,85.0,1.08,5.532776,6.550079,1
         39, 6,25.0,1.20,4.905000,6.096000,1
         39, 6,85.0,1.08,5.695380,6.654394,1
         39, 7,25.0,1.20,5.999000,7.074000,1
         39, 7,85.0,1.08,6.884866,8.175489,1
         39, 8,25.0,1.20,4.114000,5.062000,1
         39, 8,85.0,1.08,4.594106,5.761490,1
         39, 9,25.0,1.20,4.922000,5.879000,1
         39, 9,85.0,1.08,5.705921,6.818558,1
         39,10,25.0,1.20,5.016000,6.021000,1
         39,10,85.0,1.08,5.650493,6.763111,1
         39,11,25.0,1.20,5.908000,6.922000,1
         39,11,85.0,1.08,6.800933,7.881047,1
         39,12,25.0,1.20,5.064000,6.099000,1
         39,12,85.0,1.08,5.699220,6.734168,1
         39,13,25.0,1.20,6.000000,7.071000,1
         39,13,85.0,1.08,7.013685,8.236936,1
         39,14,25.0,1.20,5.887000,6.842000,1
         39,14,85.0,1.08,6.747224,7.861562,1
         39,15,25.0,1.20,7.071000,8.079000,1
         39,15,85.0,1.08,7.818058,8.960517,1
         40, 0,25.0,1.20,4.109000,3.966000,0
         40, 0,85.0,1.08,4.609387,4.383055,0
         40, 1,25.0,1.20,3.937000,5.142000,1
         40, 1,85.0,1.08,4.537958,5.617989,1
         40, 2,25.0,1.20,4.032000,4.793000,1
         40, 2,85.0,1.08,4.608508,5.468488,1
         40, 3,25.0,1.20,4.956000,6.144000,1
         40, 3,85.0,1.08,5.884449,6.831717,1
         40, 4,25.0,1.20,4.134000,5.167000,1
         40, 4,85.0,1.08,4.532042,5.740088,1
         40, 5,25.0,1.20,4.855000,5.947000,1
         40, 5,85.0,1.08,5.836414,6.950434,1
         40, 6,25.0,1.20,5.073000,6.174000,1
         40, 6,85.0,1.08,5.822778,6.994041,1
         40, 7,25.0,1.20,5.965000,6.903000,1
         40, 7,85.0,1.08,6.874866,8.092454,1
         40, 8,25.0,1.20,4.040000,5.024000,1
         40, 8,85.0,1.08,4.581201,5.744724,1
         40, 9,25.0,1.20,5.081000,6.024000,1
         40, 9,85.0,1.08,5.643372,6.767887,1
         40,10,25.0,1.20,4.940000,5.953000,1
         40,10,85.0,1.08,5.727687,6.828960,1
         40,11,25.0,1.20,6.015000,6.988000,1
         40,11,85.0,1.08,6.675993,7.920449,1
         40,12,25.0,1.20,4.934000,5.888000,1
         40,12,85.0,1.08,5.771789,6.900248,1
         40,13,25.0,1.20,6.064000,7.036000,1
         40,13,85.0,1.08,6.765205,7.929449,1
         40,14,25.0,1.20,6.116000,7.153000,1
         40,14,85.0,1.08,7.074170,8.276421,1
         40,15,25.0,1.20,7.099000,8.032000,1
         40,15,85.0,1.08,8.012745,9.157765,1
         41, 0,25.0,1.20,4.010000,3.935000,0
         41, 0,85.0,1.08,4.722702,4.388317,0
         41, 1,25.0,1.20,4.150000,5.164000,1
         41, 1,85.0,1.08,4.750365,5.737948,1
         41, 2,25.0,1.20,3.946000,4.976000,1
         41, 2,85.0,1.08,4.527651,5.808937,1
         41, 3,25.0,1.20,4.939000,5.968000,1
         41, 3,85.0,1.08,5.567027,6.942510,1
         41, 4,25.0,1.20,4.052000,5.036000,1
         41, 4,85.0,1.08,4.736300,5.755986,1
         41, 5,25.0,1.20,5.297000,6.104000,1
         41, 5,85.0,1.08,5.744649,6.818119,1
         41, 6,25.0,1.20,4.960000,6.029000,1
         41, 6,85.0,1.08,5.865161,6.825278,1
         41, 7,25.0,1.20,6.116000,7.243000,1
         41, 7,85.0,1.08,6.834316,8.031567,1
         41, 8,25.0,1.20,4.069000,5.062000,1
         41, 8,85.0,1.08,4.422745,5.522757,1
         41, 9,25.0,1.20,5.032000,5.994000,1
         41, 9,85.0,1.08,5.715080,6.807653,1
         41,10,25.0,1.20,4.984000,5.907000,1
         41,10,85.0,1.08,5.827263,6.968181,1
         41,11,25.0,1.20,5.900000,6.934000,1
         41,11,85.0,1.08,7.017143,8.117257,1
         41,12,25.0,1.20,4.908000,5.936000,1
         41,12,85.0,1.08,5.682455,6.824596,1
         41,13,25.0,1.20,6.102000,7.059000,1
         41,13,85.0,1.08,6.807138,8.009605,1
         41,14,25.0,1.20,6.333000,7.294000,1
         41,14,85.0,1.08,6.815596,7.971139,1
         41,15,25.0,1.20,7.033000,8.046000,1
         41,15,85.0,1.08,7.865824,8.936574,1
         42, 0,25.0,1.20,4.012000,3.836000,0
         42, 0,85.0,1.08,4.546220,4.410877,0
         42, 1,25.0,1.20,3.930000,4.904000,1
         42, 1,85.0,1.08,4.309926,5.705239,1
         42, 2,25.0,1.20,3.959000,4.937000,1
         42, 2,85.0,1.08,4.413139,5.486749,1
         42, 3,25.0,1.20,4.993000,5.957000,1
         42, 3,85.0,1.08,5.726603,6.891248,1
         42, 4,25.0,1.20,3.987000,5.014000,1
         42, 4,85.0,1.08,4.620068,6.022287,1
         42, 5,25.0,1.20,4.975000,5.965000,1
         42, 5,85.0,1.08,5.627727,6.708664,1
         42, 6,25.0,1.20,4.946000,6.101000,1
         42, 6,85.0,1.08,5.759770,6.935033,1
         42, 7,25.0,1.20,6.002000,7.099000,1
         42, 7,85.0,1.08,6.795195,7.784414,1
         42, 8,25.0,1.20,4.067000,5.054000,1
         42, 8,85.0,1.08,4.486548,5.675997,1
         42, 9,25.0,1.20,4.842000,5.894000,1
         42, 9,85.0,1.08,5.571962,6.780672,1
         42,10,25.0,1.20,4.972000,6.007000,1
         42,10,85.0,1.08,5.720622,6.878044,1
         42,11,25.0,1.20,6.081000,7.066000,1
         42,11,85.0,1.08,7.022545,8.141201,1
         42,12,25.0,1.20,5.006000,5.971000,1
         42,12,85.0,1.08,5.806433,6.937453,1
         42,13,25.0,1.20,5.998000,7.021000,1
         42,13,85.0,1.08,7.060132,8.251637,1
         42,14,25.0,1.20,5.881000,6.904000,1
         42,14,85.0,1.08,6.524575,7.574223,1
         42,15,25.0,1.20,7.032000,7.941000,1
         42,15,85.0,1.08,8.013745,9.097337,1
         43, 0,25.0,1.20,3.871000,4.098000,1
         43, 0,85.0,1.08,4.539117,4.573042,1
         43, 1,25.0,1.20,3.996000,4.893000,1
         43, 1,85.0,1.08,4.420120,5.890627,1
         43, 2,25.0,1.20,4.054000,5.049000,1
         43, 2,85.0,1.08,4.586443,5.549822,1
         43, 3,25.0,1.20,4.894000,6.047000,1
         43, 3,85.0,1.08,5.604345,6.780391,1
         43, 4,25.0,1.20,3.954000,5.056000,1
         43, 4,85.0,1.08,4.517155,5.699819,1
         43, 5,25.0,1.20,4.896000,5.724000,1
         43, 5,85.0,1.08,5.642849,6.713262,1
         43, 6,25.0,1.20,4.893000,5.830000,1
         43, 6,85.0,1.08,5.955999,7.018423,1
         43, 7,25.0,1.20,6.033000,6.954000,1
         43, 7,85.0,1.08,7.071329,8.149845,1
         43, 8,25.0,1.20,3.951000,4.980000,1
         43, 8,85.0,1.08,4.566640,5.618326,1
         43, 9,25.0,1.20,4.930000,5.971000,1
         43, 9,85.0,1.08,6.136799,7.288940,1
         43,10,25.0,1.20,4.964000,5.927000,1
         43,10,85.0,1.08,5.595148,6.712944,1
         43,11,25.0,1.20,5.900000,6.862000,1
         43,11,85.0,1.08,6.569500,7.658333,1
         43,12,25.0,1.20,4.781000,5.733000,1
         43,12,85.0,1.08,5.520056,6.640292,1
         43,13,25.0,1.20,6.026000,7.078000,1
         43,13,85.0,1.08,7.189588,8.342710,1
         43,14,25.0,1.20,6.013000,7.062000,1
         43,14,85.0,1.08,6.859025,7.987540,1
         43,15,25.0,1.20,6.937000,7.955000,1
         43,15,85.0,1.08,8.044848,9.146364,1
         44, 0,25.0,1.20,4.084000,3.978000,0
         44, 0,85.0,1.08,4.327608,4.671675,1
         44, 1,25.0,1.20,3.953000,5.023000,1
         44, 1,85.0,1.08,4.450222,5.656576,1
         44, 2,25.0,1.20,3.848000,4.943000,1
         44, 2,85.0,1.08,4.673292,5.548897,1
         44, 3,25.0,1.20,4.877000,5.978000,1
         44, 3,85.0,1.08,6.079772,7.028628,1
         44, 4,25.0,1.20,3.916000,4.967000,1
         44, 4,85.0,1.08,4.502538,5.794994,1
         44, 5,25.0,1.20,4.983000,6.092000,1
         44, 5,85.0,1.08,5.665978,6.789111,1
         44, 6,25.0,1.20,5.052000,6.011000,1
         44, 6,85.0,1.08,5.720285,6.864305,1
         44, 7,25.0,1.20,5.784000,6.818000,1
         44, 7,85.0,1.08,6.834343,7.952514,1
         44, 8,25.0,1.20,3.858000,4.907000,1
         44, 8,85.0,1.08,4.649395,5.658277,1
         44, 9,25.0,1.20,5.162000,6.177000,1
         44, 9,85.0,1.08,5.650838,6.807699,1
         44,10,25.0,1.20,4.954000,5.958000,1
         44,10,85.0,1.08,5.730444,6.903790,1
         44,11,25.0,1.20,5.899000,6.945000,1
         44,11,85.0,1.08,6.627974,7.783012,1
         44,12,25.0,1.20,5.071000,6.132000,1
         44,12,85.0,1.08,5.798312,6.923809,1
         44,13,25.0,1.20,6.034000,7.046000,1
         44,13,85.0,1.08,6.661553,7.822096,1
         44,14,25.0,1.20,6.026000,7.026000,1
         44,14,85.0,1.08,6.882847,8.062230,1
         44,15,25.0,1.20,7.041000,8.017000,1
         44,15,85.0,1.08,7.994101,9.080234,1
         45, 0,25.0,1.20,3.852000,4.029000,1
         45, 0,85.0,1.08,4.556284,4.674451,1
         45, 1,25.0,1.20,3.960000,4.962000,1
         45, 1,85.0,1.08,4.566947,5.798069,1
         45, 2,25.0,1.20,3.966000,5.022000,1
         45, 2,85.0,1.08,4.272964,5.646531,1
         45, 3,25.0,1.20,4.931000,5.841000,1
         45, 3,85.0,1.08,5.551102,6.620788,1
         45, 4,25.0,1.20,4.030000,5.070000,1
         45, 4,85.0,1.08,4.665311,5.807892,1
         45, 5,25.0,1.20,4.877000,5.887000,1
         45, 5,85.0,1.08,5.699043,6.968097,1
         45, 6,25.0,1.20,4.765000,5.788000,1
         45, 6,85.0,1.08,5.625531,6.726645,1
         45, 7,25.0,1.20,6.066000,6.996000,1
         45, 7,85.0,1.08,6.575863,7.883786,1
         45, 8,25.0,1.20,4.038000,5.087000,1
         45, 8,85.0,1.08,4.515333,5.734584,1
         45, 9,25.0,1.20,5.025000,6.128000,1
         45, 9,85.0,1.08,5.628708,6.776672,1
         45,10,25.0,1.20,4.927000,5.845000,1
         45,10,85.0,1.08,5.630447,6.739683,1
         45,11,25.0,1.20,6.205000,7.248000,1
         45,11,85.0,1.08,6.710421,7.873805,1
         45,12,25.0,1.20,4.926000,5.942000,1
         45,12,85.0,1.08,5.714724,6.853623,1
         45,13,25.0,1.20,6.162000,7.201000,1
         45,13,85.0,1.08,6.761486,7.840058,1
         45,14,25.0,1.20,5.903000,6.871000,1
         45,14,85.0,1.08,6.929733,8.155424,1
         45,15,25.0,1.20,6.897000,7.957000,1
         45,15,85.0,1.08,8.157807,9.279762,1
         46, 0,25.0,1.20,3.987000,3.800000,0
         46, 0,85.0,1.08,4.727421,4.686880,0
         46, 1,25.0,1.20,3.996000,5.023000,1
         46, 1,85.0,1.08,4.534052,5.697884,1
         46, 2,25.0,1.20,3.947000,4.986000,1
         46, 2,85.0,1.08,4.598106,5.734846,1
         46, 3,25.0,1.20,5.009000,5.867000,1
         46, 3,85.0,1.08,5.754892,6.926529,1
         46, 4,25.0,1.20,4.127000,5.099000,1
         46, 4,85.0,1.08,4.591686,5.866964,1
         46, 5,25.0,1.20,4.838000,5.847000,1
         46, 5,85.0,1.08,5.616269,6.801755,1
         46, 6,25.0,1.20,4.888000,5.945000,1
         46, 6,85.0,1.08,5.420779,6.489651,1
         46, 7,25.0,1.20,5.830000,6.872000,1
         46, 7,85.0,1.08,6.666497,7.874945,1
         46, 8,25.0,1.20,3.945000,4.900000,1
         46, 8,85.0,1.08,4.708955,5.751603,1
         46, 9,25.0,1.20,4.851000,5.829000,1
         46, 9,85.0,1.08,5.553037,6.706020,1
         46,10,25.0,1.20,5.081000,6.027000,1
         46,10,85.0,1.08,5.798228,6.939052,1
         46,11,25.0,1.20,5.833000,6.779000,1
         46,11,85.0,1.08,6.972321,8.207292,1
         46,12,25.0,1.20,5.021000,6.003000,1
         46,12,85.0,1.08,5.531261,6.738429,1
         46,13,25.0,1.20,5.871000,6.836000,1
         46,13,85.0,1.08,6.728626,7.950915,1
         46,14,25.0,1.20,5.771000,6.719000,1
         46,14,85.0,1.08,7.029386,8.219591,1
         46,15,25.0,1.20,6.983000,7.922000,1
         46,15,85.0,1.08,7.857039,9.000423,1
         47, 0,25.0,1.20,4.222000,4.011000,0
         47, 0,85.0,1.08,4.652478,4.773225,1
         47, 1,25.0,1.20,3.997000,5.012000,1
         47, 1,85.0,1.08,4.452950,5.773145,1
         47, 2,25.0,1.20,4.087000,5.062000,1
         47, 2,85.0,1.08,4.713637,5.670016,1
         47, 3,25.0,1.20,5.031000,6.100000,1
         47, 3,85.0,1.08,5.626353,6.538715,1
         47, 4,25.0,1.20,3.739000,4.823000,1
         47, 4,85.0,1.08,4.486670,5.687455,1
         47, 5,25.0,1.20,5.142000,6.060000,1
         47, 5,85.0,1.08,5.572083,6.676815,1
         47, 6,25.0,1.20,4.909000,5.825000,1
         47, 6,85.0,1.08,5.638212,6.829399,1
         47, 7,25.0,1.20,5.882000,7.035000,1
         47, 7,85.0,1.08,6.833119,7.933673,1
         47, 8,25.0,1.20,3.965000,4.982000,1
         47, 8,85.0,1.08,4.649254,5.811778,1
         47, 9,25.0,1.20,4.941000,5.915000,1
         47, 9,85.0,1.08,5.635409,6.792513,1
         47,10,25.0,1.20,4.898000,5.830000,1
         47,10,85.0,1.08,5.808873,6.961976,1
         47,11,25.0,1.20,5.966000,6.899000,1
         47,11,85.0,1.08,6.780691,7.889206,1
         47,12,25.0,1.20,5.056000,6.100000,1
         47,12,85.0,1.08,5.723724,6.856585,1
         47,13,25.0,1.20,5.923000,6.870000,1
         47,13,85.0,1.08,6.669796,7.761368,1
         47,14,25.0,1.20,5.948000,7.066000,1
         47,14,85.0,1.08,6.950275,8.090734,1
         47,15,25.0,1.20,7.101000,8.038000,1
         47,15,85.0,1.08,7.932055,9.153204,1
         48, 0,25.0,1.20,4.056000,3.881000,0
         48, 0,85.0,1.08,4.747365,4.434344,0
         48, 1,25.0,1.20,3.715000,5.031000,1
         48, 1,85.0,1.08,4.553163,5.756706,1
         48, 2,25.0,1.20,3.954000,4.923000,1
         48, 2,85.0,1.08,4.638750,5.606727,1
         48, 3,25.0,1.20,4.861000,6.006000,1
         48, 3,85.0,1.08,5.714024,7.139701,1
         48, 4,25.0,1.20,3.939000,5.009000,1
         48, 4,85.0,1.08,4.609228,5.715557,1
         48, 5,25.0,1.20,5.045000,5.926000,1
         48, 5,85.0,1.08,5.698285,7.031105,1
         48, 6,25.0,1.20,5.192000,6.182000,1
         48, 6,85.0,1.08,5.409003,6.550257,1
         48, 7,25.0,1.20,6.017000,7.099000,1
         48, 7,85.0,1.08,6.664375,7.871506,1
         48, 8,25.0,1.20,4.137000,5.246000,1
         48, 8,85.0,1.08,4.465745,5.586121,1
         48, 9,25.0,1.20,5.201000,6.220000,1
         48, 9,85.0,1.08,5.732425,6.807717,1
         48,10,25.0,1.20,5.018000,5.917000,1
         48,10,85.0,1.08,5.687997,6.829157,1
         48,11,25.0,1.20,6.103000,7.202000,1
         48,11,85.0,1.08,6.742804,7.866123,1
         48,12,25.0,1.20,5.030000,6.046000,1
         48,12,85.0,1.08,5.620932,6.840062,1
         48,13,25.0,1.20,5.956000,6.957000,1
         48,13,85.0,1.08,6.748728,7.851684,1
         48,14,25.0,1.20,5.853000,6.902000,1
         48,14,85.0,1.08,6.822736,7.991662,1
         48,15,25.0,1.20,7.238000,8.214000,1
         48,15,85.0,1.08,7.770312,8.914911,1
         49, 0,25.0,1.20,3.831000,4.171000,1
         49, 0,85.0,1.08,4.365252,4.638591,1
         49, 1,25.0,1.20,4.109000,4.993000,1
         49, 1,85.0,1.08,4.599527,5.791293,1
         49, 2,25.0,1.20,4.082000,5.192000,1
         49, 2,85.0,1.08,4.496454,5.446245,1
         49, 3,25.0,1.20,4.913000,5.960000,1
         49, 3,85.0,1.08,5.731069,6.921006,1
         49, 4,25.0,1.20,3.967000,4.917000,1
         49, 4,85.0,1.08,4.210994,5.442048,1
         49, 5,25.0,1.20,5.007000,5.880000,1
         49, 5,85.0,1.08,5.421321,6.543659,1
         49, 6,25.0,1.20,5.046000,6.081000,1
         49, 6,85.0,1.08,5.791452,6.956078,1
         49, 7,25.0,1.20,6.226000,7.153000,1
         49, 7,85.0,1.08,6.843259,7.896449,1
         49, 8,25.0,1.20,4.129000,5.191000,1
         49, 8,85.0,1.08,4.671656,5.773929,1
         49, 9,25.0,1.20,5.195000,6.172000,1
         49, 9,85.0,1.08,5.739649,6.820221,1
         49,10,25.0,1.20,4.827000,5.872000,1
         49,10,85.0,1.08,5.575299,6.748766,1
         49,11,25.0,1.20,6.146000,7.135000,1
         49,11,85.0,1.08,6.948491,8.121958,1
         49,12,25.0,1.20,4.842000,5.830000,1
         49,12,85.0,1.08,5.802835,6.964415,1
         49,13,25.0,1.20,5.815000,6.778000,1
         49,13,85.0,1.08,6.810494,7.918832,1
         49,14,25.0,1.20,5.968000,6.946000,1
         49,14,85.0,1.08,7.099094,8.147163,1
         49,15,25.0,1.20,7.250000,8.222000,1
         49,15,85.0,1.08,7.764331,8.910350,1
         50, 0,25.0,1.20,3.969000,4.019000,1
         50, 0,85.0,1.08,4.476109,4.500371,1
         50, 1,25.0,1.20,4.000000,4.846000,1
         50, 1,85.0,1.08,4.511473,5.666035,1
         50, 2,25.0,1.20,4.245000,5.088000,1
         50, 2,85.0,1.08,4.729748,5.806293,1
         50, 3,25.0,1.20,5.085000,5.990000,1
         50, 3,85.0,1.08,5.526738,6.704338,1
         50, 4,25.0,1.20,3.933000,4.900000,1
         50, 4,85.0,1.08,4.661974,5.667455,1
         50, 5,25.0,1.20,4.752000,5.807000,1
         50, 5,85.0,1.08,5.865525,7.002723,1
         50, 6,25.0,1.20,5.059000,6.098000,1
         50, 6,85.0,1.08,5.706884,6.906267,1
         50, 7,25.0,1.20,5.820000,6.728000,1
         50, 7,85.0,1.08,6.974116,8.076772,1
         50, 8,25.0,1.20,3.911000,4.976000,1
         50, 8,85.0,1.08,4.651236,5.831479,1
         50, 9,25.0,1.20,4.849000,5.830000,1
         50, 9,85.0,1.08,5.720641,6.941593,1
         50,10,25.0,1.20,4.919000,5.952000,1
         50,10,85.0,1.08,5.695800,6.946135,1
         50,11,25.0,1.20,5.836000,6.780000,1
         50,11,85.0,1.08,6.603227,7.715705,1
         50,12,25.0,1.20,5.141000,6.171000,1
         50,12,85.0,1.08,5.709584,6.839903,1
         50,13,25.0,1.20,5.962000,6.984000,1
         50,13,85.0,1.08,6.752327,7.903729,1
         50,14,25.0,1.20,5.934000,6.803000,1
         50,14,85.0,1.08,7.045245,8.152583,1
         50,15,25.0,1.20,7.228000,8.200000,1
         50,15,85.0,1.08,7.943616,8.995862,1
