1,1.0352009022957982,0.9592007730561662,0.9696044002311783,1.0156672321503615,1.0634830193783698,0.9674921712060651,0.9785399950994027,1.0464300077756135,1.0112843202951587,1.005512954787468,1.0677269164429801,0.9166442185277871,0.92093202740168,0.9634905638730918,1.0091572533577349,0.9265535151022192,0.9683572848710948,1.0326800874317446,1.0003897041135759,1.0505213586062951,0.9555848824199924,1.0075474267823605,0.9726781069524596,0.916937843806777,0.9984494246444607,1.100040276038382,1.0111932648199233,1.0579780860981105,1.0107939639591603,1.029001507390281,0.9847746963820273,0.9991003931646015
2,1.036514326534364,1.0463004035598789,0.9997966792687142,0.9637514516317811,0.9319903606245762,0.9856938192217938,0.9786305818787117,0.9716554726791519,0.8984837561386136,1.0599836472019726,1.0672924306910243,1.081116458171167,1.0210220799319194,0.9545266305453242,0.9951613562665876,1.0230812949324646,1.0212308390892402,0.9818746024405026,0.8797601548082352,0.9893450774309728,0.9697861835002463,0.8949091522159105,0.9266432173758123,0.9895781355134392,0.9858345307004539,1.0647522144481063,1.0350814321496997,1.0403430923191297,0.9563366269916846,1.0292631470808051,0.957700998137874,0.9797100839014006
3,0.9922372489941195,0.9610806284949183,1.0473473590810471,1.0052080242352537,0.9974584509276494,1.0321969387382883,0.9763060057939457,1.0124643337824497,1.0345607450170173,1.037299520261381,1.008089565503896,0.9746811000477932,0.9997746741830932,1.0559059850882142,1.0340189219743239,0.8783684137433447,1.0018096878648957,1.0432912276781217,0.9728409372714917,0.9747891507094043,0.9346706945834171,0.9903302165017785,1.0930243264533626,0.985275376163251,1.0076862035904819,1.1211731934237126,0.9458427077380656,1.0259867271972287,1.0184614143772712,0.9965882605017826,1.015916427298216,1.04570323076635
4,0.9827320177785457,1.0018827018168057,1.0256479887193806,0.9655552428622761,1.0006143005634365,0.983144518111317,1.0031984601340664,1.0571963207553077,1.0230999677024741,1.003862063549575,0.9458566923901967,1.0069021552225088,0.9972774834780338,1.0500208758662797,0.9247166257165892,1.0980248410583202,1.0520602068855598,0.9021342338727831,0.9384303016032689,1.040828805703338,1.0054875683851465,1.006349450394308,1.0167629137892458,0.9167968090914258,0.9774743927000207,0.9667280784933868,1.0206355171518768,0.9978329085626194,1.014770346399725,1.0402436569126141,0.9624961699573423,1.000736952925427
5,0.9637117867617742,0.9597316050996003,0.9377745506796399,0.9865612270989486,0.9941230029749051,1.0407619403609494,0.9425333063355749,1.0561518705856834,0.9818958154301505,1.0112722368139953,0.9739794406149903,1.08671534339126,0.989466236647619,1.051350416933532,0.9277875290029375,0.9841554471255849,0.9880886440159594,0.9450592458041431,1.0100646158951334,0.9939831824529531,1.0178411937861105,0.975041821702118,1.0103435449381581,0.974155014191755,1.0340473268834551,1.0225159699791346,1.0348221510970992,1.0740920078608946,0.9625791861896633,0.9809514546012281,0.9479937971074524,1.0201596006360334
6,0.9879709154823164,0.9402464982109011,1.0324240225842551,1.0547059587639402,0.981647451430995,1.007470445690212,0.9364923389355737,1.0011271560699833,0.985113674302378,1.0116925761970335,0.9565355931878803,0.9659866468926467,1.0199958557805926,0.9221471970622415,0.9293878948978971,1.0063124977931694,1.0126747762545993,1.0264793875114921,0.9429147295347368,1.1264783660368949,0.9899589444646999,1.0519551543504295,1.1147226343873007,1.097589440920973,1.0669872009292425,1.0031104632456673,1.009287580422553,1.0521304265840636,1.0194787444354392,1.0318772415956912,1.0682899614084775,1.017405675765391
7,1.009042847246557,1.0231195964641553,0.9131385462020616,1.0187184341569455,1.0251612384294184,1.0312787820990117,1.1914320230276079,0.9563918022920385,0.9885968360059985,0.9982168795187729,1.0195915554284702,1.0019532213939206,0.9126029130055674,0.988061813976821,1.0827517458617104,0.9284712831495118,0.9418792826555602,1.01213823714449,0.9987837597848791,0.9714686784749572,0.9782850917838787,0.9886901990476621,0.9856400912934155,1.0383403478404107,1.0285993573111225,0.9986780440928161,1.0492451050597418,0.9168895391467881,0.9697074966097049,0.9824919387807778,0.9663811664571602,1.0411636354272922
8,1.000598129409845,0.9420704003041865,1.0322886093383663,0.93516194734005,0.9927242958923039,0.937254265621234,0.9977056441256188,0.9994132537002338,1.0052917957089031,1.0217744382003562,1.0049618340937083,0.9819858057474412,0.9617372158707642,0.9974762672551665,1.0257114732979005,0.9830902684421501,0.9744737307937302,0.9797324811181022,1.0090208056247527,0.996343188754308,0.9607460047770144,0.9408234638828937,0.9935294422535236,0.9897679856125741,0.9627953402834247,1.073213683814557,0.8855202973419111,1.0100174189649196,0.903837195778298,0.9780829267588297,0.9844190360409845,1.0193151028089174
9,1.0435856608516847,0.9550152204275063,0.9799871077884237,0.9398043861762408,0.9832343489792136,1.1125553883173414,0.9400291684628392,0.9767887493401097,0.9631767379877949,0.9593865006015477,1.0068560554799637,0.9648456865192903,0.9812278691605683,1.0489877843471296,1.0575629778591245,0.8863109636490436,0.9675230745944396,1.0214722897995008,1.0183726652816238,1.0274183772101133,0.919720101842512,0.9601394784459407,0.9371791097842949,1.0557279242345852,0.999345477498928,1.0259294627305047,1.0665710862639024,1.010193753121211,0.9203608701541366,1.0750762297654584,1.0418505595308916,1.023411042024588
10,0.9994598612304056,1.0602553301326618,0.9877097186433931,1.0304299530312295,1.032313041988049,1.0375463455933038,0.9657315242898178,0.9395929536921801,1.0032217744165548,0.9920598440294986,1.0967521144887014,1.0707955535483693,1.0240829516520276,0.9558584805252884,0.9290599399657229,1.078498989301288,0.9476030810064977,0.9770525264180285,0.9218865394950178,0.9769364803796033,1.0113103903348029,0.9930202672120834,0.9047795828789118,0.9261467265612725,1.0169736771187972,1.0485891842460273,1.0279653040035797,1.0514098240916707,0.9994146675875912,0.9814026571990022,1.0975553458238214,0.9235177794247512
11,1.0337325756729618,0.9539921879824698,1.1183703853840385,1.0384213489860332,1.0181282527669666,1.1376899158630553,1.0897564564272495,1.0478042417402895,0.9766819051561579,1.0196385360592293,0.9505400937208175,1.0808755810287476,1.0036486983008155,1.0660983694703035,1.0630796759386834,0.9388445542620187,0.9316086121264439,1.0160280277642397,0.9140985696661066,1.049705226413455,0.9449989921019994,0.9670822396732767,1.0246690822690951,0.9971739895190903,0.9532207124696804,0.9653521934102366,0.9011029201572759,1.0555528558832727,0.9555972667103821,1.0273651098203653,1.0367774911917866,0.9821583850977128
12,1.061929136978232,0.9764827828076428,1.0083775091540077,1.0722063984005823,1.0457218586468604,1.058725966493404,1.0040326009416476,1.0902283456799464,1.0725507159697842,1.0511805215204064,1.0137688656754236,1.0270703659942002,0.9556969787763122,0.9457303966337236,0.9142160326497486,1.0261924731789553,1.0853687889421717,0.9483398663913526,0.966565614200024,1.0137749209088391,1.0511408590561628,1.007171423234301,0.9978521290991027,0.9959026247230933,0.9774431464550347,0.9623704233800758,0.9514503931197038,0.9939692247560152,0.9521610240443102,1.0068018564019081,0.9506528395336279,0.9934998290317385
13,1.0186958502240286,1.0044952354089092,1.0270341233828422,0.9839490746323749,1.0199048671984918,1.0183618330112216,1.0773809567118104,1.0575347443132994,0.97698556600946,1.0160029998287963,1.0482681295238625,0.9386195914080894,0.9702028187384725,0.9793362631345297,1.079459564652337,1.0265437264824906,0.9877590451366929,0.9323270086665637,0.9535585221259456,0.9395349677303134,1.0483891304829862,0.9749903987521326,1.0097380586448144,0.9822840954860429,1.0402047380258364,1.0325615198262397,0.9395102885083702,1.090189913132533,1.1041364061297751,0.9981022641489573,1.0069093669400573,1.042269540090661
14,1.0577217405371964,1.0843102708118537,1.054048834078435,0.9957847399544082,1.0509067355487651,0.9576151225222446,0.9776490547816168,0.973895114558788,0.98711744782014,1.01104875767909,1.059655854987578,1.0463770196568707,1.0354683847525918,0.9649445337260493,1.0821951284235218,1.0211153788779563,0.913221230837238,1.0178770674606095,1.060741668369928,1.015745080198965,1.029772977176292,1.0626127070897817,0.9187410179371106,1.0106669502624386,0.9792275934958484,0.9945599278031109,0.9695486042736173,1.050437130159602,0.9882609403594568,1.0398478042186887,0.962964838840618,1.1387135314284738
15,1.04400094331593,0.9593617892756725,1.0225208146180684,1.04079195267162,1.0245014587162002,1.080892687957751,0.9986726697471808,1.0881204251494416,1.000768385206491,1.0145082205339866,0.9474716659326246,0.9487758702768361,0.9591643178342775,1.0811524227375124,0.9709653228277292,0.998684961024959,1.0568353692905146,1.0066667621071814,0.989907332895882,1.0341911692879142,0.9379883636676152,0.9322728984384827,0.9491460338677675,1.0001685978078132,0.965590124564613,0.94577719349421,1.0795086051138172,0.859787525762655,0.9292943901256123,1.1000267645371324,0.9351440047224712,0.9871087143592497
16,0.9306895427345386,0.9705932811659655,0.976423358336524,0.9948932371185261,0.9849291790667135,0.9632623027527889,0.9654761978014241,1.0029457746458936,1.0636693345438264,0.8999159690493592,1.0093151185504892,0.9632872598545997,0.9935292702250311,0.9985718007167977,1.0403031479053284,0.9964606865011867,1.0371080966358888,1.0378207028903654,1.0285029907615006,0.9628609121041933,1.0084185513144501,1.0923679467848246,0.9655835505546466,0.9897287821237039,0.9852894644427336,0.9142130329297267,0.9804613529773064,0.9968646798261634,0.9623925734582369,0.9336095798213695,1.0445576844175137,0.9286753815189508
17,1.035267432126815,1.0230047980921528,0.9275248818558348,0.9402744608697303,1.014394728568384,0.9675106021400929,0.956120544640099,1.0084133113055083,0.9862251019067021,1.0383744872465597,0.9555702335127669,1.058898508056482,0.9929010655873473,0.9257529566602128,1.0235805243983622,1.0352132231552051,1.0465540760271106,0.9560942461626921,0.9954845872680239,1.004229393777693,1.022994410030775,0.9989644205425203,0.974635157589263,1.0447545023807945,0.993003174788398,0.9908776973073329,0.9845185368079707,0.9322005674394171,0.8830166898450997,0.9476025798155286,1.008124702199034,1.0106357680256062
18,1.0390593261516388,1.0029808062266898,1.1151410506592028,1.0166366430801919,1.0272083232048412,0.8970624688623834,1.0773727235815616,1.0178694797150516,0.9898194565289702,0.993131820216628,1.0339532664115005,0.9760517562006014,1.0875895015168706,1.0625884085921475,1.0157977166619787,0.9671659792068661,1.0695784793871506,1.1020400678828521,1.0792216210272196,0.9833656969861442,0.9649426309723285,0.9748317754663843,0.9795263376062179,1.0146151408368673,1.027245774494928,0.9575806282353986,1.0873577146230473,0.9752343669707221,1.0315849000827795,0.9741137369428092,0.9666076392248937,1.0016121122024964
19,1.0111807006714573,1.0209918086042997,0.9815147354680208,0.9512631241076358,0.9568190588386103,1.0327419177675206,1.0059371099514616,1.000835323738789,0.9332205210655115,0.9882205437185296,1.0231863443654536,1.0374321753465612,1.0990159615299073,0.9621670117010643,1.1023310386363483,1.1391875853584628,0.9694872141214779,0.930739836889241,1.0029573354220753,1.0117308144736052,1.0549866841935336,1.1080878527920077,0.9456654694950246,0.9300384874304576,1.0636857306252057,0.9593918571529937,1.0140938136189808,1.0275098117116945,0.935836390486182,1.0173528423127687,0.8990819718508015,1.0387591082866816
20,1.0294734710106799,0.9957615832378988,1.0849430292241131,1.013889311564585,0.9203167474541187,0.995057731959145,1.034950698999581,0.9530870429877719,0.8722739161104773,1.0752076237598762,0.9492319143420543,1.0486704431565532,0.9876013952385212,0.970132267692531,0.99950897561384,0.9571517636049905,0.9540099196877162,0.9927818489582971,0.9687996031601334,0.9552008527548463,0.9933440575383236,0.977382531403068,0.9328106487915839,0.9421193720019215,1.0456101442416337,1.030923755630154,0.9807369442981854,0.9766682341669668,0.9588971526801626,0.9527015123378018,1.1008786783886146,1.0352721733381978
21,0.9882330481710455,0.9505011823778012,0.9064623018874742,0.9867998467978188,1.0099013111504616,1.069592663845226,0.9670597796350578,1.0154740899404735,0.9679958532029065,0.9515956077151465,1.0122003788140548,1.0214090482477263,1.0466106549632264,1.020035525185633,1.026573182144114,0.9146536004500766,0.9514604617725066,0.977067549263979,0.9504978049959075,0.9950854493885426,1.010381680937316,0.9917819074089013,1.0101524150750951,1.030435538540414,0.996350024624673,0.9893112834126153,0.9781796245810176,0.9770014545334857,1.0287754274587226,0.972682730934059,1.0960467981275384,0.9809142357282968
22,0.9435908336061414,0.9437337304329655,0.994917349464531,1.004071745894787,1.0279486874990278,1.004118296746398,1.002463308635545,0.9402156751797008,0.9107551941716531,0.9103187995355067,0.9722098472316871,0.9230711751295896,1.0058761874129625,1.0145799777753512,0.9770150275003135,1.0719833102906073,0.9860931898574726,1.0032479363075453,1.003034057742942,1.0299313649278972,0.8940599993826538,1.038114946371367,1.0175208551146266,0.9304217909707915,1.0834500317365117,1.034860816860175,1.1045358779696035,1.0116470255721028,0.9926273346963651,1.0479704028482448,0.9155979407986106,0.9263764775757846
23,1.0030790090009651,0.9314753763703788,1.0210339977518479,1.0076815672610389,1.0633644938940052,0.8856535714676705,0.9373385451625093,1.0850923520193754,0.931993221278851,1.0487407450553416,0.9718698963098693,0.9931707854218033,0.995814042853019,0.9335540034433113,0.9207766608707285,1.0535691421780933,1.021374590705262,1.0230368566257764,0.9684234102942798,0.9819958184246049,1.0272229348415556,1.1159987591151506,1.099192999869758,0.9794649543638656,1.0265946479642594,1.034185459104497,1.0367772122016472,0.9681565911294235,1.0966300002165306,0.9318836821898256,0.914569102991327,0.9843837726266437
24,1.019189527354522,0.9407817904793865,1.06730068187496,0.9524880232666922,0.9369994311856561,0.9466245132871777,0.9847401040191592,0.965176943529521,1.0180923658413739,0.9955744649965883,0.9346535970743666,0.9701495339751545,0.9982316000735554,0.996707237604954,0.9129603997317615,1.028400847663535,1.0069985054194959,0.988070480547486,1.156107591403142,0.9988027936235391,1.0036412880759016,1.023004511096594,0.9759593068113432,1.0788667634512978,1.0048870137359844,1.0340372485162885,1.0811653932220653,0.9309589563214636,1.072794197179394,0.9967392209478694,1.0054534414139533,0.9850764033888905
25,0.8972141215419325,1.0579162405017304,1.0256806838432824,1.0583954047041342,0.9627678781398049,0.9485446128112358,0.9836748310000155,1.0105690802913503,0.9185165995628848,1.0033058067581162,0.9838935471296154,1.0305600567875135,0.9612385640134327,0.9885880953437338,1.0252258241882353,0.9656909140256881,1.0366959218321845,1.0024665766634975,0.947984042224318,1.0072098192365075,0.9914638836746028,1.0199867689460058,1.0158883260779246,1.0190953509511558,1.0499333804048645,1.0132565455219535,0.9214883752964389,1.0524846302235817,0.9525856021662636,1.0436572718469137,1.0124479304557634,0.9773667991347297
26,0.9944909255490684,1.0361739851566227,1.070789869957978,0.9931512065540843,1.076617577044723,1.0248393040926207,1.0597787720767171,0.9809966101578462,1.0097432149030874,0.959735058210063,1.0035937433342663,0.9674951794879043,0.9757576075831427,0.9286191895138991,0.991037246058169,1.098153615291809,1.0620521562634646,0.9400267651730216,0.8615269769819613,1.0094420604983427,1.0180083623688918,1.0354611699979284,0.9594874503017126,1.1195324479654678,1.072491278667689,1.0066991504078777,1.0057002142498903,0.9506532281834379,1.0700209098544675,0.9731297081644099,1.0635024091641758,1.0374456584085319
27,1.0053396974335622,0.9835253373122133,1.0017417828911603,1.0515484287192616,0.9225385470269624,0.9794097245040181,1.0349240339840347,1.0099953833812827,0.9801623231877966,1.0509323115808795,0.985252210161917,1.0127112330162829,1.064793354336748,1.0678942621455414,0.9935047516301809,1.0550465514011278,1.0284530064984183,1.0457229828778012,0.9401906724267926,0.9926925290577032,1.0347713822591416,0.9955149387714912,0.9926302965472342,1.0058659545951165,0.9387083441634635,1.0149399016398737,1.053961919737308,0.986844127960898,0.9493992979717621,0.962584499006326,0.9427858033402333,0.9350561056664333
28,1.097346731371677,1.0364025706864168,1.0432894256249894,0.9380001475116043,1.0786139440637403,0.9471476544201551,0.9498683441504743,0.9961536507432617,1.0032293906148644,1.0075212062605068,1.0607332070266844,1.022137569145844,0.995181949795927,0.9221301489984833,1.0645647332402817,1.0428950091927984,0.9642172940075637,0.9988433421958948,0.9899545301795406,1.0455453150638347,1.089363052161841,0.9766625745042611,0.950872662624944,0.9441471418515136,0.9677918626997616,1.0007977474162666,0.9810459853929191,0.9895768526976259,0.9557161474802717,0.9726085606977245,1.0532395755348187,1.0432360182560392
29,0.9424943425781769,1.0212027030231592,1.004347703041465,0.9971118565394059,0.9570078103225149,0.9747968023438259,0.899749824629361,0.9487055233245714,1.0559170734456973,1.004644138531719,0.9432082492605578,1.0608755099185958,0.934173583835106,0.9877900662856792,1.116203665052557,0.9517797667788608,0.9351253469114333,1.0560752016426125,1.0730373325539255,0.9489284347249523,1.033734368111165,0.9776281392005574,0.9371157644546402,0.9919531160861164,1.131479870027132,1.0039957897348655,0.9217196623032993,1.0945867638294104,1.032415368994353,0.9824994299567822,1.0175472772323377,0.9266124455834439
30,0.9141742111074841,1.0047978632920542,0.949256479378154,1.0999602070700967,1.0307530603910846,1.0779697259542453,1.1151709441371214,1.0259732560991295,0.9073569957185127,1.0614600004132817,1.0379453511386174,1.002558755028487,1.0683708346347836,0.9905248638620859,1.1321634863062142,0.9923601619105524,0.9906745678582668,0.9381872428310702,0.911990942909827,1.0301457258209807,1.005256895938238,0.9367429629108075,0.9788452951265378,0.9058805701171982,1.0376746505301986,0.9700295307995874,1.0821971991103552,0.9626714387783017,1.1048204452363877,1.007218473639861,0.9394998933709727,1.0250742366383268
31,1.0005427443470327,0.9940949634236195,1.0157859997267513,1.05928038908169,1.001632224629217,1.0537407864515855,1.022684991382354,0.9415894253418864,0.9509537174983214,0.9697307937675376,0.9587537109681874,1.021654124869301,1.0234678767047647,1.0809002949892061,0.9188753679986572,0.9953325708059912,1.0219381559903697,0.9991034455721072,0.9364569721871056,0.9953994877648521,0.9442961575355903,1.0491511168791263,1.0482812160396366,0.9760031814535182,0.9576334974253896,1.1448488345372365,1.073838844342434,1.0400198845861635,1.04070152781815,0.9562622004450884,0.9474167757669796,1.0043051680599426
32,1.0361524118402705,1.0279429199051653,1.0761150657729375,0.9732439764544063,1.0553096228984438,0.9866366059272725,1.102744902785062,0.9646224964383865,0.9900826462595589,1.0472358366871481,0.988635873475384,1.006379961305086,0.9530669513644416,1.0398683017938124,1.0083372962123065,1.043457794782149,1.0587128339820078,1.0376069203212945,0.93419266121211,0.9443150324953745,1.0194702064872123,1.0219380721543798,0.9889844761759387,0.9744400904933642,1.0103087403721505,1.0450133450297956,1.042457677025391,0.9949209168987659,1.005508355477338,1.0472808816413568,0.9566032337882662,0.9651717494434341
33,0.9652497200723448,0.9104049003267835,1.0460986017483722,0.9758027938257803,0.9647741722507542,1.0290420671969804,1.0230718946193536,0.9612488335565441,0.9983632322649003,0.9954032169359908,0.9373373769022335,0.9516532666368744,0.9668145661295305,1.0683784507905678,1.0566739480258431,0.9210716694305419,1.0289700448410095,1.0091166656575719,0.9550750237920755,1.0546326654621976,1.0134287593843427,1.0100242216150843,0.9736085079425181,0.9836536325326071,0.9176797563913182,1.034651074049271,0.9685462184443446,1.0096742072096878,0.9561511163881931,0.9624650130637327,0.9382409303829001,0.9489745570312349
34,1.0212520888541876,1.014913963591817,1.0665677200677337,1.012646917964636,0.9561952996485799,1.0527734454600222,0.9249752972328131,0.961705553748258,1.0424644811873187,0.997328895047619,1.0014010567911835,0.9614754932425297,0.9889875185908208,1.0457631917005465,1.0886045830053095,1.023732497508648,0.9951291774556869,0.923276949262273,0.9675919694728822,1.0288746626897112,1.00600482969797,1.0254849136618387,1.0226183345042308,1.0095571412752415,1.0835688390934888,0.9931879205796537,0.8851501483970099,0.9340925696675518,1.042618818837361,1.0549215450404053,1.0093149654950833,1.0195430663379965
35,1.0277182463856296,1.0269544955419108,0.9893139330183766,0.9462704629166693,1.0854408681125451,0.9385869094739623,1.0503379081002875,1.0484168365609141,1.0316749781803014,0.8856904950796212,1.0491597783082673,0.9780448301533348,0.8762269712595814,0.9650780132223972,0.9384970316309117,1.0266193967694786,0.9298451776858212,1.1249962550188746,1.014893404431245,0.9659290648473126,0.9682839789460784,0.9867838273149808,0.9667865095637869,1.0375101738651757,0.9771616599898814,1.0035137798326537,1.0679210329060806,1.0438679457624371,1.0021199427029532,1.1440415511127409,0.9866628717306205,0.9888248578683045
36,1.0158887885135384,0.9860570844099239,0.9909257178498239,1.0368030647108686,0.937074144090924,0.9960454200204709,0.9278802732181489,0.9554596928641869,1.0208056207354188,1.0849388965088589,1.0663253174578047,1.0166878303854177,0.974107055320633,0.9840619432102877,0.9953079914505227,1.0365412584604872,1.038768400369987,0.9941227591668901,1.0732618340485174,1.186252225369555,1.0127482416771958,0.9277119907948781,0.9396789009315843,1.1000772256749658,1.0442595385139664,0.9868342031050803,0.9927565375481064,0.9708659516298374,1.0308787399516048,0.9841592460435611,0.9782266089385336,1.0284183270458371
37,1.0325616928713834,1.023711641113691,0.9710051795899924,0.9197602308948238,1.017107829616711,0.8474945350509643,1.0485544118052976,1.0552562421970382,0.9737315559499938,1.050935070102182,0.9914113351850948,0.9468480459692199,1.0384734217160716,0.986234938580311,0.9860146168532741,1.0044431028544922,0.9744280187538806,1.039254470802932,0.9482580214920975,1.015005118251981,1.04643376784495,0.9558468970346896,1.0462224192391638,1.02069126820514,0.9417215945753228,1.0306429562618455,1.034008286539386,0.9528441604408155,0.8689203083211952,1.0101955985753475,1.0112080581559202,1.0118030282567148
38,1.0420893930866788,1.0712224603821285,0.9868603096816482,1.0193533365665128,0.94541399312482,0.9424618638991976,0.9298881804649324,0.9941475232351998,1.026297600705836,1.0195572032463713,0.9844084948434527,1.0941374018269991,1.0267632482247395,0.9758195223786348,0.9816702123738786,1.0558462919979714,1.0745894266890526,1.05123247199096,1.0176584726315465,1.00083470733263,1.0111011832274444,1.0553922979317796,1.024141186488061,0.9863931984208569,1.0072653038233794,1.0016110269626095,0.9820495289737974,1.03882187795245,1.019947291709328,1.0781913018378468,1.0347781193849437,0.957797280668382
39,1.0160489781334112,1.008047016805058,1.0409541539237537,0.9377281999712438,1.0827761561207303,1.0741923988408535,1.0552046436300915,0.9167686151282247,1.0107493340462907,1.0677944554180328,1.0670849606664807,1.0073971735015579,0.9210735788321814,0.9462317759582918,0.9538055551138975,0.9905297303619717,1.0843380907392834,1.0142354313027049,0.9151586417590186,0.9636378682999878,1.0013023330713082,1.040972077805111,1.0340007575236307,1.0130409214090152,1.0103251084936375,1.0213281945236459,0.9780589522146009,0.9904039246587838,0.9917758554997852,1.0086160939525022,0.9512712096171114,0.9396712885878254
40,0.9810852920319194,1.0607991830920298,1.0136181700274736,0.9380725020323013,1.0590366204400692,1.06330364564189,0.9704531543865244,0.9887184170636413,1.029411727634366,1.0347935113039097,1.0252322222723065,0.9731033179012064,1.0740543559817521,0.9832291009776152,1.0070342337045957,1.08005675458226,0.9676184315776817,0.942964594771206,0.9553873737539508,1.0745838053432848,0.9641654607739748,1.0515247693577936,1.0252703622752875,1.004934942135609,1.0680939423322573,0.9908347290334597,1.0060734378042748,0.9514274042706161,0.9734017941276834,1.0084036612842717,0.9501222780492304,1.051783837427897
41,0.9315254951520248,0.996136727559251,1.0256107704530968,0.9685826201111205,1.1073406863718647,1.0313817539138572,0.9236366735521584,1.038222050993386,0.9903349153564669,0.9936663344574284,0.9529173003717045,0.992799389169594,1.059221445046444,1.030169666743768,0.9495088224580103,0.9606878062614986,0.9956957012202796,0.9954633237078474,1.0000486421826529,0.9669474684332218,1.0099085036197353,1.0342372926592867,0.9914600519882756,1.0504100128149054,1.001403246219329,0.955796043817281,0.9740346089275558,1.0302619126042594,1.026912408415793,1.0310036901919855,0.9084385637507848,1.1019228961687837
42,0.911646031962575,0.9839794665967231,1.059714765521219,1.0575408384036002,1.006634539137959,1.060435487527617,1.0760177172960705,0.9844069463862227,0.983224225463419,1.0405430984778143,1.052170983017695,0.9287472889865179,0.9064507299590359,0.9651225608511198,1.0829527015493685,0.980221457968761,0.9967843541274837,1.0183254166120188,1.041550422466555,0.9643935409170566,1.034574287172723,0.9767126527877585,1.0121817681553698,0.9452611661774712,1.0333375037459898,0.9912996896564457,0.981067186715204,1.0112710933285587,1.0855614593404146,0.9130373007033924,1.0284576452673195,1.0319967275279274
43,0.9532045196310283,0.9874676568332114,0.9880994278215829,1.0030666641304478,1.0110610650626528,1.0068041922870103,1.018080597249439,1.0477793630801857,0.9874997996048738,0.9557047193672041,1.0044609112339817,1.0056564225306726,0.9809475839668359,0.9436864431652525,1.0101639127853885,0.935802876071015,1.006073718714183,0.9824408577027207,0.9886744343264836,1.0441459785289018,0.9279283742741118,0.9624186040067886,0.9599408030566398,0.9486378155398492,1.0770801146358353,1.0182483295151459,1.0076572220766773,0.9118716757120822,0.9609258065136969,1.0175537521423734,0.9534324377870733,0.9466678598861361
44,0.9564263461397234,0.9497566479060058,1.0100708751757164,0.9264612619915389,1.0293229377854811,0.9687838095623424,0.9809136083932584,1.0948178063694403,0.985273275814846,0.9536750437490208,1.0284079516856077,1.096126696808272,1.0503018744781412,1.0828011183797754,0.8547582278840882,0.9755992712751396,0.972043675711276,0.9559775299838683,0.970844115278962,0.9880551211776759,1.0524417212842843,1.0456306826649606,1.0269285615177366,0.9749086681153026,0.9790794726373232,0.9772642019718543,0.9982631631028337,1.0092329750106146,1.0127323890790871,0.9109848988539281,1.002356497163514,0.9899776131654344
45,0.9538766590785701,0.9889595632338732,1.0232082016549437,1.06533023046452,0.9665578475163764,1.0280579519192226,1.0610036256380282,0.8420643934490813,0.945119404657687,1.0884141251045156,0.9768455549344665,0.9448033913268029,0.9597630650921934,1.0767688205721755,0.9410296925009092,0.9935426398385772,1.0217000941838352,1.0572100646467413,1.0031105895182533,0.9286147237198603,0.9882867695569645,1.0103454748488592,0.9699420808488819,0.9782487596057043,0.9333274289994833,0.9577242620280646,1.0065362467521017,0.9605313609431249,1.0804179118360322,1.0188241610704651,0.9892080045516052,1.0048273984770086
46,1.0354203595602178,0.9855674266413974,1.0351240995352027,1.0173423517889122,1.0256224848173396,1.0510647985914106,1.0271799634747576,1.0584402626092404,1.0694500729803935,0.9245743368824395,0.9775315721995651,1.012966588993117,0.9632313867300695,0.982165545047091,1.0346085865245918,0.9729280684348194,1.042946129375899,1.003914764719917,1.0404760291781927,0.9473548267583152,0.9845477053718854,1.0836320718165406,1.001554943738064,1.0061020885014762,0.9322226698088546,0.9859700974012017,0.9976246139798817,0.9667715975659419,0.9820293455137374,0.9458209841824751,0.9389303097129654,1.0376896591336475
47,1.056479490846548,1.0230119977166456,0.9463082514799541,1.019296647454953,1.0095482813996164,1.0056656110772133,1.0032189225096004,0.9806955687549245,0.9284641064157299,1.052545127284824,1.0132401297320144,0.9951364452074195,0.9908787841519933,1.0138030895948533,0.9822694182402727,0.9848294889532327,1.0613750235264916,1.0286891861819873,1.0195389071682657,0.9135147384128839,0.9438364474529458,0.9660696733445762,1.1081331749246555,1.0348400139452367,0.9881280119216118,1.067600653655413,1.0531375214485892,0.9615733314083419,1.0460949460203783,1.0133298496824683,0.9684793371864322,1.028244002987748
48,0.9803480278096104,1.064405973039631,1.0694402430659649,1.038112032940977,0.988184068568336,0.986146066846562,1.0298866492465355,0.9893762302330609,0.9638232393492451,0.9301522615870775,1.0148211907947016,1.048733429456989,0.9856170425135156,1.0380532871546844,0.9346003531776985,1.039274266172429,1.0525151322801698,0.953206318113068,0.9700795670336391,0.9096839697853147,0.9653002336239195,1.0059240961765081,1.0501317514009267,0.9704894126232357,1.0022731933560958,0.9043684086803738,1.0555569081901195,0.9251880464684762,1.034402454884328,0.9776838070698819,0.9816311577783061,0.9177120843461163
49,0.9531954315914057,1.0976671166210699,0.98120591426898,1.0726451625566604,1.017876018915034,1.0552214080098898,1.054117413332898,1.03151706427086,1.0127310664085611,1.04405520863208,1.061586336988441,1.0257577502551187,0.9055504293053613,1.0609090385196907,0.9616010077201611,1.0485580494240434,0.941156830906683,0.9881186654533787,0.9625699793165385,0.8754021226411853,1.0174944651496365,0.9267269857327582,1.039769816468933,1.014017998087598,0.9876568661538918,0.997653895721318,0.9601191703106503,0.9829598757647666,1.0022276449153065,1.0166580870973212,1.0246549895673238,1.0166124805224317
50,0.9932679875274599,0.9745635108440707,1.0602222489174713,1.0538122633322853,0.9743788909618784,0.9659299566676636,1.031022782611938,0.9810174516525363,0.9040971844032424,0.990848460120193,0.9849972890004827,0.9868153874768067,1.145719388757586,0.9666703823114573,1.0592916631667482,0.9755530782575291,0.948693283183493,1.0515019196617055,0.9779929802145466,1.0207597313062435,0.9997414584161453,1.055365494577577,0.9441028425362153,0.9456300899251573,0.999383524237895,0.9685174608731028,1.0316337379706522,1.0610258378134287,1.065906909231257,0.9678700896636003,0.9943796868274034,1.049126815833259
